id,title,listingType,propertyType,subType,price,bedrooms,bathrooms,carPark,builtUpSqft,landSqft,tenure,furnishing,status,featured,isNew,address,area,city,state,postedDate,description,coverImage,image2,image3,image4,image5,image6,image7,image8,image9,image10
rent-001,"Placeholder Rent Property #001",rent,residential,Condo,1220,3,2,2,810,,Freehold,Fully Furnished,available,FALSE,TRUE,"Jalan Austin Heights 8/x, Taman Mount Austin, 81100 Johor Bahru, Johor",Mount Austin,Johor Bahru,Johor,2026-07-05,"This is a placeholder description for rent listing #001. Details will be updated by the agent later.",/photos/prop-001/cover.jpg,/photos/prop-001/photo_2@17-06-2026_16-40-49.jpg,,,,,,,,
rent-002,"Placeholder Rent Property #002",rent,residential,Condo,1240,4,1,1,820,,Freehold,Partially Furnished,available,FALSE,TRUE,"Jalan Austin Heights 8/x, Taman Mount Austin, 81100 Johor Bahru, Johor",Mount Austin,Johor Bahru,Johor,2026-07-05,"This is a placeholder description for rent listing #002. Details will be updated by the agent later.",/photos/prop-001/cover.jpg,/photos/prop-001/photo_2@17-06-2026_16-40-49.jpg,,,,,,,,
rent-003,"Placeholder Rent Property #003",rent,residential,Condo,1260,2,2,2,830,,Freehold,Fully Furnished,available,FALSE,TRUE,"Jalan Austin Heights 8/x, Taman Mount Austin, 81100 Johor Bahru, Johor",Mount Austin,Johor Bahru,Johor,2026-07-05,"This is a placeholder description for rent listing #003. Details will be updated by the agent later.",/photos/prop-001/cover.jpg,/photos/prop-001/photo_2@17-06-2026_16-40-49.jpg,,,,,,,,
rent-004,"Placeholder Rent Property #004",rent,residential,Condo,1280,3,1,1,840,,Freehold,Partially Furnished,available,FALSE,TRUE,"Jalan Austin Heights 8/x, Taman Mount Austin, 81100 Johor Bahru, Johor",Mount Austin,Johor Bahru,Johor,2026-07-05,"This is a placeholder description for rent listing #004. Details will be updated by the agent later.",/photos/prop-001/cover.jpg,/photos/prop-001/photo_2@17-06-2026_16-40-49.jpg,,,,,,,,
rent-005,"Placeholder Rent Property #005",rent,residential,Condo,1300,4,2,2,850,,Freehold,Fully Furnished,available,FALSE,TRUE,"Jalan Austin Heights 8/x, Taman Mount Austin, 81100 Johor Bahru, Johor",Mount Austin,Johor Bahru,Johor,2026-07-05,"This is a placeholder description for rent listing #005. Details will be updated by the agent later.",/photos/prop-001/cover.jpg,/photos/prop-001/photo_2@17-06-2026_16-40-49.jpg,,,,,,,,
rent-006,"Placeholder Rent Property #006",rent,residential,Condo,1320,2,1,1,860,,Freehold,Partially Furnished,available,FALSE,TRUE,"Jalan Austin Heights 8/x, Taman Mount Austin, 81100 Johor Bahru, Johor",Mount Austin,Johor Bahru,Johor,2026-07-05,"This is a placeholder description for rent listing #006. Details will be updated by the agent later.",/photos/prop-001/cover.jpg,/photos/prop-001/photo_2@17-06-2026_16-40-49.jpg,,,,,,,,
rent-007,"Placeholder Rent Property #007",rent,residential,Condo,1340,3,2,2,870,,Freehold,Fully Furnished,available,FALSE,TRUE,"Jalan Austin Heights 8/x, Taman Mount Austin, 81100 Johor Bahru, Johor",Mount Austin,Johor Bahru,Johor,2026-07-05,"This is a placeholder description for rent listing #007. Details will be updated by the agent later.",/photos/prop-001/cover.jpg,/photos/prop-001/photo_2@17-06-2026_16-40-49.jpg,,,,,,,,
rent-008,"Placeholder Rent Property #008",rent,residential,Condo,1360,4,1,1,880,,Freehold,Partially Furnished,available,FALSE,TRUE,"Jalan Austin Heights 8/x, Taman Mount Austin, 81100 Johor Bahru, Johor",Mount Austin,Johor Bahru,Johor,2026-07-05,"This is a placeholder description for rent listing #008. Details will be updated by the agent later.",/photos/prop-001/cover.jpg,/photos/prop-001/photo_2@17-06-2026_16-40-49.jpg,,,,,,,,
rent-009,"Placeholder Rent Property #009",rent,residential,Condo,1380,2,2,2,890,,Freehold,Fully Furnished,available,FALSE,TRUE,"Jalan Austin Heights 8/x, Taman Mount Austin, 81100 Johor Bahru, Johor",Mount Austin,Johor Bahru,Johor,2026-07-05,"This is a placeholder description for rent listing #009. Details will be updated by the agent later.",/photos/prop-001/cover.jpg,/photos/prop-001/photo_2@17-06-2026_16-40-49.jpg,,,,,,,,
rent-010,"Placeholder Rent Property #010",rent,residential,Condo,1400,3,1,1,900,,Freehold,Partially Furnished,available,FALSE,TRUE,"Jalan Austin Heights 8/x, Taman Mount Austin, 81100 Johor Bahru, Johor",Mount Austin,Johor Bahru,Johor,2026-07-05,"This is a placeholder description for rent listing #010. Details will be updated by the agent later.",/photos/prop-001/cover.jpg,/photos/prop-001/photo_2@17-06-2026_16-40-49.jpg,,,,,,,,
rent-011,"Placeholder Rent Property #011",rent,residential,Condo,1420,4,2,2,910,,Freehold,Fully Furnished,available,FALSE,TRUE,"Jalan Austin Heights 8/x, Taman Mount Austin, 81100 Johor Bahru, Johor",Mount Austin,Johor Bahru,Johor,2026-07-05,"This is a placeholder description for rent listing #011. Details will be updated by the agent later.",/photos/prop-001/cover.jpg,/photos/prop-001/photo_2@17-06-2026_16-40-49.jpg,,,,,,,,
rent-012,"Placeholder Rent Property #012",rent,residential,Condo,1440,2,1,1,920,,Freehold,Partially Furnished,available,FALSE,TRUE,"Jalan Austin Heights 8/x, Taman Mount Austin, 81100 Johor Bahru, Johor",Mount Austin,Johor Bahru,Johor,2026-07-05,"This is a placeholder description for rent listing #012. Details will be updated by the agent later.",/photos/prop-001/cover.jpg,/photos/prop-001/photo_2@17-06-2026_16-40-49.jpg,,,,,,,,
rent-013,"Placeholder Rent Property #013",rent,residential,Condo,1460,3,2,2,930,,Freehold,Fully Furnished,available,FALSE,TRUE,"Jalan Austin Heights 8/x, Taman Mount Austin, 81100 Johor Bahru, Johor",Mount Austin,Johor Bahru,Johor,2026-07-05,"This is a placeholder description for rent listing #013. Details will be updated by the agent later.",/photos/prop-001/cover.jpg,/photos/prop-001/photo_2@17-06-2026_16-40-49.jpg,,,,,,,,
rent-014,"Placeholder Rent Property #014",rent,residential,Condo,1480,4,1,1,940,,Freehold,Partially Furnished,available,FALSE,TRUE,"Jalan Austin Heights 8/x, Taman Mount Austin, 81100 Johor Bahru, Johor",Mount Austin,Johor Bahru,Johor,2026-07-05,"This is a placeholder description for rent listing #014. Details will be updated by the agent later.",/photos/prop-001/cover.jpg,/photos/prop-001/photo_2@17-06-2026_16-40-49.jpg,,,,,,,,
rent-015,"Placeholder Rent Property #015",rent,residential,Condo,1500,2,2,2,950,,Freehold,Fully Furnished,available,FALSE,TRUE,"Jalan Austin Heights 8/x, Taman Mount Austin, 81100 Johor Bahru, Johor",Mount Austin,Johor Bahru,Johor,2026-07-05,"This is a placeholder description for rent listing #015. Details will be updated by the agent later.",/photos/prop-001/cover.jpg,/photos/prop-001/photo_2@17-06-2026_16-40-49.jpg,,,,,,,,
rent-016,"Placeholder Rent Property #016",rent,residential,Condo,1520,3,1,1,960,,Freehold,Partially Furnished,available,FALSE,TRUE,"Jalan Austin Heights 8/x, Taman Mount Austin, 81100 Johor Bahru, Johor",Mount Austin,Johor Bahru,Johor,2026-07-05,"This is a placeholder description for rent listing #016. Details will be updated by the agent later.",/photos/prop-001/cover.jpg,/photos/prop-001/photo_2@17-06-2026_16-40-49.jpg,,,,,,,,
rent-017,"Placeholder Rent Property #017",rent,residential,Condo,1540,4,2,2,970,,Freehold,Fully Furnished,available,FALSE,TRUE,"Jalan Austin Heights 8/x, Taman Mount Austin, 81100 Johor Bahru, Johor",Mount Austin,Johor Bahru,Johor,2026-07-05,"This is a placeholder description for rent listing #017. Details will be updated by the agent later.",/photos/prop-001/cover.jpg,/photos/prop-001/photo_2@17-06-2026_16-40-49.jpg,,,,,,,,
rent-018,"Placeholder Rent Property #018",rent,residential,Condo,1560,2,1,1,980,,Freehold,Partially Furnished,available,FALSE,TRUE,"Jalan Austin Heights 8/x, Taman Mount Austin, 81100 Johor Bahru, Johor",Mount Austin,Johor Bahru,Johor,2026-07-05,"This is a placeholder description for rent listing #018. Details will be updated by the agent later.",/photos/prop-001/cover.jpg,/photos/prop-001/photo_2@17-06-2026_16-40-49.jpg,,,,,,,,
rent-019,"Placeholder Rent Property #019",rent,residential,Condo,1580,3,2,2,990,,Freehold,Fully Furnished,available,FALSE,TRUE,"Jalan Austin Heights 8/x, Taman Mount Austin, 81100 Johor Bahru, Johor",Mount Austin,Johor Bahru,Johor,2026-07-05,"This is a placeholder description for rent listing #019. Details will be updated by the agent later.",/photos/prop-001/cover.jpg,/photos/prop-001/photo_2@17-06-2026_16-40-49.jpg,,,,,,,,
rent-020,"Placeholder Rent Property #020",rent,residential,Condo,1600,4,1,1,1000,,Freehold,Partially Furnished,available,FALSE,TRUE,"Jalan Austin Heights 8/x, Taman Mount Austin, 81100 Johor Bahru, Johor",Mount Austin,Johor Bahru,Johor,2026-07-05,"This is a placeholder description for rent listing #020. Details will be updated by the agent later.",/photos/prop-001/cover.jpg,/photos/prop-001/photo_2@17-06-2026_16-40-49.jpg,,,,,,,,
rent-021,"Placeholder Rent Property #021",rent,residential,Condo,1620,2,2,2,1010,,Freehold,Fully Furnished,available,FALSE,TRUE,"Jalan Austin Heights 8/x, Taman Mount Austin, 81100 Johor Bahru, Johor",Mount Austin,Johor Bahru,Johor,2026-07-05,"This is a placeholder description for rent listing #021. Details will be updated by the agent later.",/photos/prop-001/cover.jpg,/photos/prop-001/photo_2@17-06-2026_16-40-49.jpg,,,,,,,,
rent-022,"Placeholder Rent Property #022",rent,residential,Condo,1640,3,1,1,1020,,Freehold,Partially Furnished,available,FALSE,TRUE,"Jalan Austin Heights 8/x, Taman Mount Austin, 81100 Johor Bahru, Johor",Mount Austin,Johor Bahru,Johor,2026-07-05,"This is a placeholder description for rent listing #022. Details will be updated by the agent later.",/photos/prop-001/cover.jpg,/photos/prop-001/photo_2@17-06-2026_16-40-49.jpg,,,,,,,,
rent-023,"Placeholder Rent Property #023",rent,residential,Condo,1660,4,2,2,1030,,Freehold,Fully Furnished,available,FALSE,TRUE,"Jalan Austin Heights 8/x, Taman Mount Austin, 81100 Johor Bahru, Johor",Mount Austin,Johor Bahru,Johor,2026-07-05,"This is a placeholder description for rent listing #023. Details will be updated by the agent later.",/photos/prop-001/cover.jpg,/photos/prop-001/photo_2@17-06-2026_16-40-49.jpg,,,,,,,,
rent-024,"Placeholder Rent Property #024",rent,residential,Condo,1680,2,1,1,1040,,Freehold,Partially Furnished,available,FALSE,TRUE,"Jalan Austin Heights 8/x, Taman Mount Austin, 81100 Johor Bahru, Johor",Mount Austin,Johor Bahru,Johor,2026-07-05,"This is a placeholder description for rent listing #024. Details will be updated by the agent later.",/photos/prop-001/cover.jpg,/photos/prop-001/photo_2@17-06-2026_16-40-49.jpg,,,,,,,,
rent-025,"Placeholder Rent Property #025",rent,residential,Condo,1700,3,2,2,1050,,Freehold,Fully Furnished,available,FALSE,TRUE,"Jalan Austin Heights 8/x, Taman Mount Austin, 81100 Johor Bahru, Johor",Mount Austin,Johor Bahru,Johor,2026-07-05,"This is a placeholder description for rent listing #025. Details will be updated by the agent later.",/photos/prop-001/cover.jpg,/photos/prop-001/photo_2@17-06-2026_16-40-49.jpg,,,,,,,,
rent-026,"Placeholder Rent Property #026",rent,residential,Condo,1720,4,1,1,1060,,Freehold,Partially Furnished,available,FALSE,TRUE,"Jalan Austin Heights 8/x, Taman Mount Austin, 81100 Johor Bahru, Johor",Mount Austin,Johor Bahru,Johor,2026-07-05,"This is a placeholder description for rent listing #026. Details will be updated by the agent later.",/photos/prop-001/cover.jpg,/photos/prop-001/photo_2@17-06-2026_16-40-49.jpg,,,,,,,,
rent-027,"Placeholder Rent Property #027",rent,residential,Condo,1740,2,2,2,1070,,Freehold,Fully Furnished,available,FALSE,TRUE,"Jalan Austin Heights 8/x, Taman Mount Austin, 81100 Johor Bahru, Johor",Mount Austin,Johor Bahru,Johor,2026-07-05,"This is a placeholder description for rent listing #027. Details will be updated by the agent later.",/photos/prop-001/cover.jpg,/photos/prop-001/photo_2@17-06-2026_16-40-49.jpg,,,,,,,,
rent-028,"Placeholder Rent Property #028",rent,residential,Condo,1760,3,1,1,1080,,Freehold,Partially Furnished,available,FALSE,TRUE,"Jalan Austin Heights 8/x, Taman Mount Austin, 81100 Johor Bahru, Johor",Mount Austin,Johor Bahru,Johor,2026-07-05,"This is a placeholder description for rent listing #028. Details will be updated by the agent later.",/photos/prop-001/cover.jpg,/photos/prop-001/photo_2@17-06-2026_16-40-49.jpg,,,,,,,,
rent-029,"Placeholder Rent Property #029",rent,residential,Condo,1780,4,2,2,1090,,Freehold,Fully Furnished,available,FALSE,TRUE,"Jalan Austin Heights 8/x, Taman Mount Austin, 81100 Johor Bahru, Johor",Mount Austin,Johor Bahru,Johor,2026-07-05,"This is a placeholder description for rent listing #029. Details will be updated by the agent later.",/photos/prop-001/cover.jpg,/photos/prop-001/photo_2@17-06-2026_16-40-49.jpg,,,,,,,,
rent-030,"Placeholder Rent Property #030",rent,residential,Condo,1800,2,1,1,1100,,Freehold,Partially Furnished,available,FALSE,TRUE,"Jalan Austin Heights 8/x, Taman Mount Austin, 81100 Johor Bahru, Johor",Mount Austin,Johor Bahru,Johor,2026-07-05,"This is a placeholder description for rent listing #030. Details will be updated by the agent later.",/photos/prop-001/cover.jpg,/photos/prop-001/photo_2@17-06-2026_16-40-49.jpg,,,,,,,,
rent-031,"Placeholder Rent Property #031",rent,residential,Condo,1820,3,2,2,1110,,Freehold,Fully Furnished,available,FALSE,TRUE,"Jalan Austin Heights 8/x, Taman Mount Austin, 81100 Johor Bahru, Johor",Mount Austin,Johor Bahru,Johor,2026-07-05,"This is a placeholder description for rent listing #031. Details will be updated by the agent later.",/photos/prop-001/cover.jpg,/photos/prop-001/photo_2@17-06-2026_16-40-49.jpg,,,,,,,,
rent-032,"Placeholder Rent Property #032",rent,residential,Condo,1840,4,1,1,1120,,Freehold,Partially Furnished,available,FALSE,TRUE,"Jalan Austin Heights 8/x, Taman Mount Austin, 81100 Johor Bahru, Johor",Mount Austin,Johor Bahru,Johor,2026-07-05,"This is a placeholder description for rent listing #032. Details will be updated by the agent later.",/photos/prop-001/cover.jpg,/photos/prop-001/photo_2@17-06-2026_16-40-49.jpg,,,,,,,,
rent-033,"Placeholder Rent Property #033",rent,residential,Condo,1860,2,2,2,1130,,Freehold,Fully Furnished,available,FALSE,TRUE,"Jalan Austin Heights 8/x, Taman Mount Austin, 81100 Johor Bahru, Johor",Mount Austin,Johor Bahru,Johor,2026-07-05,"This is a placeholder description for rent listing #033. Details will be updated by the agent later.",/photos/prop-001/cover.jpg,/photos/prop-001/photo_2@17-06-2026_16-40-49.jpg,,,,,,,,
rent-034,"Placeholder Rent Property #034",rent,residential,Condo,1880,3,1,1,1140,,Freehold,Partially Furnished,available,FALSE,TRUE,"Jalan Austin Heights 8/x, Taman Mount Austin, 81100 Johor Bahru, Johor",Mount Austin,Johor Bahru,Johor,2026-07-05,"This is a placeholder description for rent listing #034. Details will be updated by the agent later.",/photos/prop-001/cover.jpg,/photos/prop-001/photo_2@17-06-2026_16-40-49.jpg,,,,,,,,
rent-035,"Placeholder Rent Property #035",rent,residential,Condo,1900,4,2,2,1150,,Freehold,Fully Furnished,available,FALSE,TRUE,"Jalan Austin Heights 8/x, Taman Mount Austin, 81100 Johor Bahru, Johor",Mount Austin,Johor Bahru,Johor,2026-07-05,"This is a placeholder description for rent listing #035. Details will be updated by the agent later.",/photos/prop-001/cover.jpg,/photos/prop-001/photo_2@17-06-2026_16-40-49.jpg,,,,,,,,
rent-036,"Placeholder Rent Property #036",rent,residential,Condo,1920,2,1,1,1160,,Freehold,Partially Furnished,available,FALSE,TRUE,"Jalan Austin Heights 8/x, Taman Mount Austin, 81100 Johor Bahru, Johor",Mount Austin,Johor Bahru,Johor,2026-07-05,"This is a placeholder description for rent listing #036. Details will be updated by the agent later.",/photos/prop-001/cover.jpg,/photos/prop-001/photo_2@17-06-2026_16-40-49.jpg,,,,,,,,
rent-037,"Placeholder Rent Property #037",rent,residential,Condo,1940,3,2,2,1170,,Freehold,Fully Furnished,available,FALSE,TRUE,"Jalan Austin Heights 8/x, Taman Mount Austin, 81100 Johor Bahru, Johor",Mount Austin,Johor Bahru,Johor,2026-07-05,"This is a placeholder description for rent listing #037. Details will be updated by the agent later.",/photos/prop-001/cover.jpg,/photos/prop-001/photo_2@17-06-2026_16-40-49.jpg,,,,,,,,
rent-038,"Placeholder Rent Property #038",rent,residential,Condo,1960,4,1,1,1180,,Freehold,Partially Furnished,available,FALSE,TRUE,"Jalan Austin Heights 8/x, Taman Mount Austin, 81100 Johor Bahru, Johor",Mount Austin,Johor Bahru,Johor,2026-07-05,"This is a placeholder description for rent listing #038. Details will be updated by the agent later.",/photos/prop-001/cover.jpg,/photos/prop-001/photo_2@17-06-2026_16-40-49.jpg,,,,,,,,
rent-039,"Placeholder Rent Property #039",rent,residential,Condo,1980,2,2,2,1190,,Freehold,Fully Furnished,available,FALSE,TRUE,"Jalan Austin Heights 8/x, Taman Mount Austin, 81100 Johor Bahru, Johor",Mount Austin,Johor Bahru,Johor,2026-07-05,"This is a placeholder description for rent listing #039. Details will be updated by the agent later.",/photos/prop-001/cover.jpg,/photos/prop-001/photo_2@17-06-2026_16-40-49.jpg,,,,,,,,
rent-040,"Placeholder Rent Property #040",rent,residential,Condo,2000,3,1,1,1200,,Freehold,Partially Furnished,available,FALSE,TRUE,"Jalan Austin Heights 8/x, Taman Mount Austin, 81100 Johor Bahru, Johor",Mount Austin,Johor Bahru,Johor,2026-07-05,"This is a placeholder description for rent listing #040. Details will be updated by the agent later.",/photos/prop-001/cover.jpg,/photos/prop-001/photo_2@17-06-2026_16-40-49.jpg,,,,,,,,
rent-041,"Placeholder Rent Property #041",rent,residential,Condo,2020,4,2,2,1210,,Freehold,Fully Furnished,available,FALSE,TRUE,"Jalan Austin Heights 8/x, Taman Mount Austin, 81100 Johor Bahru, Johor",Mount Austin,Johor Bahru,Johor,2026-07-05,"This is a placeholder description for rent listing #041. Details will be updated by the agent later.",/photos/prop-001/cover.jpg,/photos/prop-001/photo_2@17-06-2026_16-40-49.jpg,,,,,,,,
rent-042,"Placeholder Rent Property #042",rent,residential,Condo,2040,2,1,1,1220,,Freehold,Partially Furnished,available,FALSE,TRUE,"Jalan Austin Heights 8/x, Taman Mount Austin, 81100 Johor Bahru, Johor",Mount Austin,Johor Bahru,Johor,2026-07-05,"This is a placeholder description for rent listing #042. Details will be updated by the agent later.",/photos/prop-001/cover.jpg,/photos/prop-001/photo_2@17-06-2026_16-40-49.jpg,,,,,,,,
rent-043,"Placeholder Rent Property #043",rent,residential,Condo,2060,3,2,2,1230,,Freehold,Fully Furnished,available,FALSE,TRUE,"Jalan Austin Heights 8/x, Taman Mount Austin, 81100 Johor Bahru, Johor",Mount Austin,Johor Bahru,Johor,2026-07-05,"This is a placeholder description for rent listing #043. Details will be updated by the agent later.",/photos/prop-001/cover.jpg,/photos/prop-001/photo_2@17-06-2026_16-40-49.jpg,,,,,,,,
rent-044,"Placeholder Rent Property #044",rent,residential,Condo,2080,4,1,1,1240,,Freehold,Partially Furnished,available,FALSE,TRUE,"Jalan Austin Heights 8/x, Taman Mount Austin, 81100 Johor Bahru, Johor",Mount Austin,Johor Bahru,Johor,2026-07-05,"This is a placeholder description for rent listing #044. Details will be updated by the agent later.",/photos/prop-001/cover.jpg,/photos/prop-001/photo_2@17-06-2026_16-40-49.jpg,,,,,,,,
rent-045,"Placeholder Rent Property #045",rent,residential,Condo,2100,2,2,2,1250,,Freehold,Fully Furnished,available,FALSE,TRUE,"Jalan Austin Heights 8/x, Taman Mount Austin, 81100 Johor Bahru, Johor",Mount Austin,Johor Bahru,Johor,2026-07-05,"This is a placeholder description for rent listing #045. Details will be updated by the agent later.",/photos/prop-001/cover.jpg,/photos/prop-001/photo_2@17-06-2026_16-40-49.jpg,,,,,,,,
rent-046,"Placeholder Rent Property #046",rent,residential,Condo,2120,3,1,1,1260,,Freehold,Partially Furnished,available,FALSE,TRUE,"Jalan Austin Heights 8/x, Taman Mount Austin, 81100 Johor Bahru, Johor",Mount Austin,Johor Bahru,Johor,2026-07-05,"This is a placeholder description for rent listing #046. Details will be updated by the agent later.",/photos/prop-001/cover.jpg,/photos/prop-001/photo_2@17-06-2026_16-40-49.jpg,,,,,,,,
rent-047,"Placeholder Rent Property #047",rent,residential,Condo,2140,4,2,2,1270,,Freehold,Fully Furnished,available,FALSE,TRUE,"Jalan Austin Heights 8/x, Taman Mount Austin, 81100 Johor Bahru, Johor",Mount Austin,Johor Bahru,Johor,2026-07-05,"This is a placeholder description for rent listing #047. Details will be updated by the agent later.",/photos/prop-001/cover.jpg,/photos/prop-001/photo_2@17-06-2026_16-40-49.jpg,,,,,,,,
rent-048,"Placeholder Rent Property #048",rent,residential,Condo,2160,2,1,1,1280,,Freehold,Partially Furnished,available,FALSE,TRUE,"Jalan Austin Heights 8/x, Taman Mount Austin, 81100 Johor Bahru, Johor",Mount Austin,Johor Bahru,Johor,2026-07-05,"This is a placeholder description for rent listing #048. Details will be updated by the agent later.",/photos/prop-001/cover.jpg,/photos/prop-001/photo_2@17-06-2026_16-40-49.jpg,,,,,,,,
rent-049,"Placeholder Rent Property #049",rent,residential,Condo,2180,3,2,2,1290,,Freehold,Fully Furnished,available,FALSE,TRUE,"Jalan Austin Heights 8/x, Taman Mount Austin, 81100 Johor Bahru, Johor",Mount Austin,Johor Bahru,Johor,2026-07-05,"This is a placeholder description for rent listing #049. Details will be updated by the agent later.",/photos/prop-001/cover.jpg,/photos/prop-001/photo_2@17-06-2026_16-40-49.jpg,,,,,,,,
rent-050,"Placeholder Rent Property #050",rent,residential,Condo,2200,4,1,1,1300,,Freehold,Partially Furnished,available,FALSE,TRUE,"Jalan Austin Heights 8/x, Taman Mount Austin, 81100 Johor Bahru, Johor",Mount Austin,Johor Bahru,Johor,2026-07-05,"This is a placeholder description for rent listing #050. Details will be updated by the agent later.",/photos/prop-001/cover.jpg,/photos/prop-001/photo_2@17-06-2026_16-40-49.jpg,,,,,,,,
rent-051,"Placeholder Rent Property #051",rent,residential,Condo,2220,2,2,2,1310,,Freehold,Fully Furnished,available,FALSE,TRUE,"Jalan Austin Heights 8/x, Taman Mount Austin, 81100 Johor Bahru, Johor",Mount Austin,Johor Bahru,Johor,2026-07-05,"This is a placeholder description for rent listing #051. Details will be updated by the agent later.",/photos/prop-001/cover.jpg,/photos/prop-001/photo_2@17-06-2026_16-40-49.jpg,,,,,,,,
rent-052,"Placeholder Rent Property #052",rent,residential,Condo,2240,3,1,1,1320,,Freehold,Partially Furnished,available,FALSE,TRUE,"Jalan Austin Heights 8/x, Taman Mount Austin, 81100 Johor Bahru, Johor",Mount Austin,Johor Bahru,Johor,2026-07-05,"This is a placeholder description for rent listing #052. Details will be updated by the agent later.",/photos/prop-001/cover.jpg,/photos/prop-001/photo_2@17-06-2026_16-40-49.jpg,,,,,,,,
rent-053,"Placeholder Rent Property #053",rent,residential,Condo,2260,4,2,2,1330,,Freehold,Fully Furnished,available,FALSE,TRUE,"Jalan Austin Heights 8/x, Taman Mount Austin, 81100 Johor Bahru, Johor",Mount Austin,Johor Bahru,Johor,2026-07-05,"This is a placeholder description for rent listing #053. Details will be updated by the agent later.",/photos/prop-001/cover.jpg,/photos/prop-001/photo_2@17-06-2026_16-40-49.jpg,,,,,,,,
rent-054,"Placeholder Rent Property #054",rent,residential,Condo,2280,2,1,1,1340,,Freehold,Partially Furnished,available,FALSE,TRUE,"Jalan Austin Heights 8/x, Taman Mount Austin, 81100 Johor Bahru, Johor",Mount Austin,Johor Bahru,Johor,2026-07-05,"This is a placeholder description for rent listing #054. Details will be updated by the agent later.",/photos/prop-001/cover.jpg,/photos/prop-001/photo_2@17-06-2026_16-40-49.jpg,,,,,,,,
rent-055,"Placeholder Rent Property #055",rent,residential,Condo,2300,3,2,2,1350,,Freehold,Fully Furnished,available,FALSE,TRUE,"Jalan Austin Heights 8/x, Taman Mount Austin, 81100 Johor Bahru, Johor",Mount Austin,Johor Bahru,Johor,2026-07-05,"This is a placeholder description for rent listing #055. Details will be updated by the agent later.",/photos/prop-001/cover.jpg,/photos/prop-001/photo_2@17-06-2026_16-40-49.jpg,,,,,,,,
rent-056,"Placeholder Rent Property #056",rent,residential,Condo,2320,4,1,1,1360,,Freehold,Partially Furnished,available,FALSE,TRUE,"Jalan Austin Heights 8/x, Taman Mount Austin, 81100 Johor Bahru, Johor",Mount Austin,Johor Bahru,Johor,2026-07-05,"This is a placeholder description for rent listing #056. Details will be updated by the agent later.",/photos/prop-001/cover.jpg,/photos/prop-001/photo_2@17-06-2026_16-40-49.jpg,,,,,,,,
rent-057,"Placeholder Rent Property #057",rent,residential,Condo,2340,2,2,2,1370,,Freehold,Fully Furnished,available,FALSE,TRUE,"Jalan Austin Heights 8/x, Taman Mount Austin, 81100 Johor Bahru, Johor",Mount Austin,Johor Bahru,Johor,2026-07-05,"This is a placeholder description for rent listing #057. Details will be updated by the agent later.",/photos/prop-001/cover.jpg,/photos/prop-001/photo_2@17-06-2026_16-40-49.jpg,,,,,,,,
rent-058,"Placeholder Rent Property #058",rent,residential,Condo,2360,3,1,1,1380,,Freehold,Partially Furnished,available,FALSE,TRUE,"Jalan Austin Heights 8/x, Taman Mount Austin, 81100 Johor Bahru, Johor",Mount Austin,Johor Bahru,Johor,2026-07-05,"This is a placeholder description for rent listing #058. Details will be updated by the agent later.",/photos/prop-001/cover.jpg,/photos/prop-001/photo_2@17-06-2026_16-40-49.jpg,,,,,,,,
rent-059,"Placeholder Rent Property #059",rent,residential,Condo,2380,4,2,2,1390,,Freehold,Fully Furnished,available,FALSE,TRUE,"Jalan Austin Heights 8/x, Taman Mount Austin, 81100 Johor Bahru, Johor",Mount Austin,Johor Bahru,Johor,2026-07-05,"This is a placeholder description for rent listing #059. Details will be updated by the agent later.",/photos/prop-001/cover.jpg,/photos/prop-001/photo_2@17-06-2026_16-40-49.jpg,,,,,,,,
rent-060,"Placeholder Rent Property #060",rent,residential,Condo,2400,2,1,1,1400,,Freehold,Partially Furnished,available,FALSE,TRUE,"Jalan Austin Heights 8/x, Taman Mount Austin, 81100 Johor Bahru, Johor",Mount Austin,Johor Bahru,Johor,2026-07-05,"This is a placeholder description for rent listing #060. Details will be updated by the agent later.",/photos/prop-001/cover.jpg,/photos/prop-001/photo_2@17-06-2026_16-40-49.jpg,,,,,,,,
rent-061,"Placeholder Rent Property #061",rent,residential,Condo,2420,3,2,2,1410,,Freehold,Fully Furnished,available,FALSE,TRUE,"Jalan Austin Heights 8/x, Taman Mount Austin, 81100 Johor Bahru, Johor",Mount Austin,Johor Bahru,Johor,2026-07-05,"This is a placeholder description for rent listing #061. Details will be updated by the agent later.",/photos/prop-001/cover.jpg,/photos/prop-001/photo_2@17-06-2026_16-40-49.jpg,,,,,,,,
rent-062,"Placeholder Rent Property #062",rent,residential,Condo,2440,4,1,1,1420,,Freehold,Partially Furnished,available,FALSE,TRUE,"Jalan Austin Heights 8/x, Taman Mount Austin, 81100 Johor Bahru, Johor",Mount Austin,Johor Bahru,Johor,2026-07-05,"This is a placeholder description for rent listing #062. Details will be updated by the agent later.",/photos/prop-001/cover.jpg,/photos/prop-001/photo_2@17-06-2026_16-40-49.jpg,,,,,,,,
rent-063,"Placeholder Rent Property #063",rent,residential,Condo,2460,2,2,2,1430,,Freehold,Fully Furnished,available,FALSE,TRUE,"Jalan Austin Heights 8/x, Taman Mount Austin, 81100 Johor Bahru, Johor",Mount Austin,Johor Bahru,Johor,2026-07-05,"This is a placeholder description for rent listing #063. Details will be updated by the agent later.",/photos/prop-001/cover.jpg,/photos/prop-001/photo_2@17-06-2026_16-40-49.jpg,,,,,,,,
rent-064,"Placeholder Rent Property #064",rent,residential,Condo,2480,3,1,1,1440,,Freehold,Partially Furnished,available,FALSE,TRUE,"Jalan Austin Heights 8/x, Taman Mount Austin, 81100 Johor Bahru, Johor",Mount Austin,Johor Bahru,Johor,2026-07-05,"This is a placeholder description for rent listing #064. Details will be updated by the agent later.",/photos/prop-001/cover.jpg,/photos/prop-001/photo_2@17-06-2026_16-40-49.jpg,,,,,,,,
rent-065,"Placeholder Rent Property #065",rent,residential,Condo,2500,4,2,2,1450,,Freehold,Fully Furnished,available,FALSE,TRUE,"Jalan Austin Heights 8/x, Taman Mount Austin, 81100 Johor Bahru, Johor",Mount Austin,Johor Bahru,Johor,2026-07-05,"This is a placeholder description for rent listing #065. Details will be updated by the agent later.",/photos/prop-001/cover.jpg,/photos/prop-001/photo_2@17-06-2026_16-40-49.jpg,,,,,,,,
rent-066,"Placeholder Rent Property #066",rent,residential,Condo,2520,2,1,1,1460,,Freehold,Partially Furnished,available,FALSE,TRUE,"Jalan Austin Heights 8/x, Taman Mount Austin, 81100 Johor Bahru, Johor",Mount Austin,Johor Bahru,Johor,2026-07-05,"This is a placeholder description for rent listing #066. Details will be updated by the agent later.",/photos/prop-001/cover.jpg,/photos/prop-001/photo_2@17-06-2026_16-40-49.jpg,,,,,,,,
rent-067,"Placeholder Rent Property #067",rent,residential,Condo,2540,3,2,2,1470,,Freehold,Fully Furnished,available,FALSE,TRUE,"Jalan Austin Heights 8/x, Taman Mount Austin, 81100 Johor Bahru, Johor",Mount Austin,Johor Bahru,Johor,2026-07-05,"This is a placeholder description for rent listing #067. Details will be updated by the agent later.",/photos/prop-001/cover.jpg,/photos/prop-001/photo_2@17-06-2026_16-40-49.jpg,,,,,,,,
rent-068,"Placeholder Rent Property #068",rent,residential,Condo,2560,4,1,1,1480,,Freehold,Partially Furnished,available,FALSE,TRUE,"Jalan Austin Heights 8/x, Taman Mount Austin, 81100 Johor Bahru, Johor",Mount Austin,Johor Bahru,Johor,2026-07-05,"This is a placeholder description for rent listing #068. Details will be updated by the agent later.",/photos/prop-001/cover.jpg,/photos/prop-001/photo_2@17-06-2026_16-40-49.jpg,,,,,,,,
rent-069,"Placeholder Rent Property #069",rent,residential,Condo,2580,2,2,2,1490,,Freehold,Fully Furnished,available,FALSE,TRUE,"Jalan Austin Heights 8/x, Taman Mount Austin, 81100 Johor Bahru, Johor",Mount Austin,Johor Bahru,Johor,2026-07-05,"This is a placeholder description for rent listing #069. Details will be updated by the agent later.",/photos/prop-001/cover.jpg,/photos/prop-001/photo_2@17-06-2026_16-40-49.jpg,,,,,,,,
rent-070,"Placeholder Rent Property #070",rent,residential,Condo,2600,3,1,1,1500,,Freehold,Partially Furnished,available,FALSE,TRUE,"Jalan Austin Heights 8/x, Taman Mount Austin, 81100 Johor Bahru, Johor",Mount Austin,Johor Bahru,Johor,2026-07-05,"This is a placeholder description for rent listing #070. Details will be updated by the agent later.",/photos/prop-001/cover.jpg,/photos/prop-001/photo_2@17-06-2026_16-40-49.jpg,,,,,,,,
rent-071,"Placeholder Rent Property #071",rent,residential,Condo,2620,4,2,2,1510,,Freehold,Fully Furnished,available,FALSE,TRUE,"Jalan Austin Heights 8/x, Taman Mount Austin, 81100 Johor Bahru, Johor",Mount Austin,Johor Bahru,Johor,2026-07-05,"This is a placeholder description for rent listing #071. Details will be updated by the agent later.",/photos/prop-001/cover.jpg,/photos/prop-001/photo_2@17-06-2026_16-40-49.jpg,,,,,,,,
rent-072,"Placeholder Rent Property #072",rent,residential,Condo,2640,2,1,1,1520,,Freehold,Partially Furnished,available,FALSE,TRUE,"Jalan Austin Heights 8/x, Taman Mount Austin, 81100 Johor Bahru, Johor",Mount Austin,Johor Bahru,Johor,2026-07-05,"This is a placeholder description for rent listing #072. Details will be updated by the agent later.",/photos/prop-001/cover.jpg,/photos/prop-001/photo_2@17-06-2026_16-40-49.jpg,,,,,,,,
rent-073,"Placeholder Rent Property #073",rent,residential,Condo,2660,3,2,2,1530,,Freehold,Fully Furnished,available,FALSE,TRUE,"Jalan Austin Heights 8/x, Taman Mount Austin, 81100 Johor Bahru, Johor",Mount Austin,Johor Bahru,Johor,2026-07-05,"This is a placeholder description for rent listing #073. Details will be updated by the agent later.",/photos/prop-001/cover.jpg,/photos/prop-001/photo_2@17-06-2026_16-40-49.jpg,,,,,,,,
rent-074,"Placeholder Rent Property #074",rent,residential,Condo,2680,4,1,1,1540,,Freehold,Partially Furnished,available,FALSE,TRUE,"Jalan Austin Heights 8/x, Taman Mount Austin, 81100 Johor Bahru, Johor",Mount Austin,Johor Bahru,Johor,2026-07-05,"This is a placeholder description for rent listing #074. Details will be updated by the agent later.",/photos/prop-001/cover.jpg,/photos/prop-001/photo_2@17-06-2026_16-40-49.jpg,,,,,,,,
rent-075,"Placeholder Rent Property #075",rent,residential,Condo,2700,2,2,2,1550,,Freehold,Fully Furnished,available,FALSE,TRUE,"Jalan Austin Heights 8/x, Taman Mount Austin, 81100 Johor Bahru, Johor",Mount Austin,Johor Bahru,Johor,2026-07-05,"This is a placeholder description for rent listing #075. Details will be updated by the agent later.",/photos/prop-001/cover.jpg,/photos/prop-001/photo_2@17-06-2026_16-40-49.jpg,,,,,,,,
rent-076,"Placeholder Rent Property #076",rent,residential,Condo,2720,3,1,1,1560,,Freehold,Partially Furnished,available,FALSE,TRUE,"Jalan Austin Heights 8/x, Taman Mount Austin, 81100 Johor Bahru, Johor",Mount Austin,Johor Bahru,Johor,2026-07-05,"This is a placeholder description for rent listing #076. Details will be updated by the agent later.",/photos/prop-001/cover.jpg,/photos/prop-001/photo_2@17-06-2026_16-40-49.jpg,,,,,,,,
rent-077,"Placeholder Rent Property #077",rent,residential,Condo,2740,4,2,2,1570,,Freehold,Fully Furnished,available,FALSE,TRUE,"Jalan Austin Heights 8/x, Taman Mount Austin, 81100 Johor Bahru, Johor",Mount Austin,Johor Bahru,Johor,2026-07-05,"This is a placeholder description for rent listing #077. Details will be updated by the agent later.",/photos/prop-001/cover.jpg,/photos/prop-001/photo_2@17-06-2026_16-40-49.jpg,,,,,,,,
rent-078,"Placeholder Rent Property #078",rent,residential,Condo,2760,2,1,1,1580,,Freehold,Partially Furnished,available,FALSE,TRUE,"Jalan Austin Heights 8/x, Taman Mount Austin, 81100 Johor Bahru, Johor",Mount Austin,Johor Bahru,Johor,2026-07-05,"This is a placeholder description for rent listing #078. Details will be updated by the agent later.",/photos/prop-001/cover.jpg,/photos/prop-001/photo_2@17-06-2026_16-40-49.jpg,,,,,,,,
rent-079,"Placeholder Rent Property #079",rent,residential,Condo,2780,3,2,2,1590,,Freehold,Fully Furnished,available,FALSE,TRUE,"Jalan Austin Heights 8/x, Taman Mount Austin, 81100 Johor Bahru, Johor",Mount Austin,Johor Bahru,Johor,2026-07-05,"This is a placeholder description for rent listing #079. Details will be updated by the agent later.",/photos/prop-001/cover.jpg,/photos/prop-001/photo_2@17-06-2026_16-40-49.jpg,,,,,,,,
rent-080,"Placeholder Rent Property #080",rent,residential,Condo,2800,4,1,1,1600,,Freehold,Partially Furnished,available,FALSE,TRUE,"Jalan Austin Heights 8/x, Taman Mount Austin, 81100 Johor Bahru, Johor",Mount Austin,Johor Bahru,Johor,2026-07-05,"This is a placeholder description for rent listing #080. Details will be updated by the agent later.",/photos/prop-001/cover.jpg,/photos/prop-001/photo_2@17-06-2026_16-40-49.jpg,,,,,,,,
rent-081,"Placeholder Rent Property #081",rent,residential,Condo,2820,2,2,2,1610,,Freehold,Fully Furnished,available,FALSE,TRUE,"Jalan Austin Heights 8/x, Taman Mount Austin, 81100 Johor Bahru, Johor",Mount Austin,Johor Bahru,Johor,2026-07-05,"This is a placeholder description for rent listing #081. Details will be updated by the agent later.",/photos/prop-001/cover.jpg,/photos/prop-001/photo_2@17-06-2026_16-40-49.jpg,,,,,,,,
rent-082,"Placeholder Rent Property #082",rent,residential,Condo,2840,3,1,1,1620,,Freehold,Partially Furnished,available,FALSE,TRUE,"Jalan Austin Heights 8/x, Taman Mount Austin, 81100 Johor Bahru, Johor",Mount Austin,Johor Bahru,Johor,2026-07-05,"This is a placeholder description for rent listing #082. Details will be updated by the agent later.",/photos/prop-001/cover.jpg,/photos/prop-001/photo_2@17-06-2026_16-40-49.jpg,,,,,,,,
rent-083,"Placeholder Rent Property #083",rent,residential,Condo,2860,4,2,2,1630,,Freehold,Fully Furnished,available,FALSE,TRUE,"Jalan Austin Heights 8/x, Taman Mount Austin, 81100 Johor Bahru, Johor",Mount Austin,Johor Bahru,Johor,2026-07-05,"This is a placeholder description for rent listing #083. Details will be updated by the agent later.",/photos/prop-001/cover.jpg,/photos/prop-001/photo_2@17-06-2026_16-40-49.jpg,,,,,,,,
rent-084,"Placeholder Rent Property #084",rent,residential,Condo,2880,2,1,1,1640,,Freehold,Partially Furnished,available,FALSE,TRUE,"Jalan Austin Heights 8/x, Taman Mount Austin, 81100 Johor Bahru, Johor",Mount Austin,Johor Bahru,Johor,2026-07-05,"This is a placeholder description for rent listing #084. Details will be updated by the agent later.",/photos/prop-001/cover.jpg,/photos/prop-001/photo_2@17-06-2026_16-40-49.jpg,,,,,,,,
rent-085,"Placeholder Rent Property #085",rent,residential,Condo,2900,3,2,2,1650,,Freehold,Fully Furnished,available,FALSE,TRUE,"Jalan Austin Heights 8/x, Taman Mount Austin, 81100 Johor Bahru, Johor",Mount Austin,Johor Bahru,Johor,2026-07-05,"This is a placeholder description for rent listing #085. Details will be updated by the agent later.",/photos/prop-001/cover.jpg,/photos/prop-001/photo_2@17-06-2026_16-40-49.jpg,,,,,,,,
rent-086,"Placeholder Rent Property #086",rent,residential,Condo,2920,4,1,1,1660,,Freehold,Partially Furnished,available,FALSE,TRUE,"Jalan Austin Heights 8/x, Taman Mount Austin, 81100 Johor Bahru, Johor",Mount Austin,Johor Bahru,Johor,2026-07-05,"This is a placeholder description for rent listing #086. Details will be updated by the agent later.",/photos/prop-001/cover.jpg,/photos/prop-001/photo_2@17-06-2026_16-40-49.jpg,,,,,,,,
rent-087,"Placeholder Rent Property #087",rent,residential,Condo,2940,2,2,2,1670,,Freehold,Fully Furnished,available,FALSE,TRUE,"Jalan Austin Heights 8/x, Taman Mount Austin, 81100 Johor Bahru, Johor",Mount Austin,Johor Bahru,Johor,2026-07-05,"This is a placeholder description for rent listing #087. Details will be updated by the agent later.",/photos/prop-001/cover.jpg,/photos/prop-001/photo_2@17-06-2026_16-40-49.jpg,,,,,,,,
rent-088,"Placeholder Rent Property #088",rent,residential,Condo,2960,3,1,1,1680,,Freehold,Partially Furnished,available,FALSE,TRUE,"Jalan Austin Heights 8/x, Taman Mount Austin, 81100 Johor Bahru, Johor",Mount Austin,Johor Bahru,Johor,2026-07-05,"This is a placeholder description for rent listing #088. Details will be updated by the agent later.",/photos/prop-001/cover.jpg,/photos/prop-001/photo_2@17-06-2026_16-40-49.jpg,,,,,,,,
rent-089,"Placeholder Rent Property #089",rent,residential,Condo,2980,4,2,2,1690,,Freehold,Fully Furnished,available,FALSE,TRUE,"Jalan Austin Heights 8/x, Taman Mount Austin, 81100 Johor Bahru, Johor",Mount Austin,Johor Bahru,Johor,2026-07-05,"This is a placeholder description for rent listing #089. Details will be updated by the agent later.",/photos/prop-001/cover.jpg,/photos/prop-001/photo_2@17-06-2026_16-40-49.jpg,,,,,,,,
rent-090,"Placeholder Rent Property #090",rent,residential,Condo,3000,2,1,1,1700,,Freehold,Partially Furnished,available,FALSE,TRUE,"Jalan Austin Heights 8/x, Taman Mount Austin, 81100 Johor Bahru, Johor",Mount Austin,Johor Bahru,Johor,2026-07-05,"This is a placeholder description for rent listing #090. Details will be updated by the agent later.",/photos/prop-001/cover.jpg,/photos/prop-001/photo_2@17-06-2026_16-40-49.jpg,,,,,,,,
rent-091,"Placeholder Rent Property #091",rent,residential,Condo,3020,3,2,2,1710,,Freehold,Fully Furnished,available,FALSE,TRUE,"Jalan Austin Heights 8/x, Taman Mount Austin, 81100 Johor Bahru, Johor",Mount Austin,Johor Bahru,Johor,2026-07-05,"This is a placeholder description for rent listing #091. Details will be updated by the agent later.",/photos/prop-001/cover.jpg,/photos/prop-001/photo_2@17-06-2026_16-40-49.jpg,,,,,,,,
rent-092,"Placeholder Rent Property #092",rent,residential,Condo,3040,4,1,1,1720,,Freehold,Partially Furnished,available,FALSE,TRUE,"Jalan Austin Heights 8/x, Taman Mount Austin, 81100 Johor Bahru, Johor",Mount Austin,Johor Bahru,Johor,2026-07-05,"This is a placeholder description for rent listing #092. Details will be updated by the agent later.",/photos/prop-001/cover.jpg,/photos/prop-001/photo_2@17-06-2026_16-40-49.jpg,,,,,,,,
rent-093,"Placeholder Rent Property #093",rent,residential,Condo,3060,2,2,2,1730,,Freehold,Fully Furnished,available,FALSE,TRUE,"Jalan Austin Heights 8/x, Taman Mount Austin, 81100 Johor Bahru, Johor",Mount Austin,Johor Bahru,Johor,2026-07-05,"This is a placeholder description for rent listing #093. Details will be updated by the agent later.",/photos/prop-001/cover.jpg,/photos/prop-001/photo_2@17-06-2026_16-40-49.jpg,,,,,,,,
rent-094,"Placeholder Rent Property #094",rent,residential,Condo,3080,3,1,1,1740,,Freehold,Partially Furnished,available,FALSE,TRUE,"Jalan Austin Heights 8/x, Taman Mount Austin, 81100 Johor Bahru, Johor",Mount Austin,Johor Bahru,Johor,2026-07-05,"This is a placeholder description for rent listing #094. Details will be updated by the agent later.",/photos/prop-001/cover.jpg,/photos/prop-001/photo_2@17-06-2026_16-40-49.jpg,,,,,,,,
rent-095,"Placeholder Rent Property #095",rent,residential,Condo,3100,4,2,2,1750,,Freehold,Fully Furnished,available,FALSE,TRUE,"Jalan Austin Heights 8/x, Taman Mount Austin, 81100 Johor Bahru, Johor",Mount Austin,Johor Bahru,Johor,2026-07-05,"This is a placeholder description for rent listing #095. Details will be updated by the agent later.",/photos/prop-001/cover.jpg,/photos/prop-001/photo_2@17-06-2026_16-40-49.jpg,,,,,,,,
rent-096,"Placeholder Rent Property #096",rent,residential,Condo,3120,2,1,1,1760,,Freehold,Partially Furnished,available,FALSE,TRUE,"Jalan Austin Heights 8/x, Taman Mount Austin, 81100 Johor Bahru, Johor",Mount Austin,Johor Bahru,Johor,2026-07-05,"This is a placeholder description for rent listing #096. Details will be updated by the agent later.",/photos/prop-001/cover.jpg,/photos/prop-001/photo_2@17-06-2026_16-40-49.jpg,,,,,,,,
rent-097,"Placeholder Rent Property #097",rent,residential,Condo,3140,3,2,2,1770,,Freehold,Fully Furnished,available,FALSE,TRUE,"Jalan Austin Heights 8/x, Taman Mount Austin, 81100 Johor Bahru, Johor",Mount Austin,Johor Bahru,Johor,2026-07-05,"This is a placeholder description for rent listing #097. Details will be updated by the agent later.",/photos/prop-001/cover.jpg,/photos/prop-001/photo_2@17-06-2026_16-40-49.jpg,,,,,,,,
rent-098,"Placeholder Rent Property #098",rent,residential,Condo,3160,4,1,1,1780,,Freehold,Partially Furnished,available,FALSE,TRUE,"Jalan Austin Heights 8/x, Taman Mount Austin, 81100 Johor Bahru, Johor",Mount Austin,Johor Bahru,Johor,2026-07-05,"This is a placeholder description for rent listing #098. Details will be updated by the agent later.",/photos/prop-001/cover.jpg,/photos/prop-001/photo_2@17-06-2026_16-40-49.jpg,,,,,,,,
rent-099,"Placeholder Rent Property #099",rent,residential,Condo,3180,2,2,2,1790,,Freehold,Fully Furnished,available,FALSE,TRUE,"Jalan Austin Heights 8/x, Taman Mount Austin, 81100 Johor Bahru, Johor",Mount Austin,Johor Bahru,Johor,2026-07-05,"This is a placeholder description for rent listing #099. Details will be updated by the agent later.",/photos/prop-001/cover.jpg,/photos/prop-001/photo_2@17-06-2026_16-40-49.jpg,,,,,,,,
rent-100,"Placeholder Rent Property #100",rent,residential,Condo,3200,3,1,1,1800,,Freehold,Partially Furnished,available,FALSE,TRUE,"Jalan Austin Heights 8/x, Taman Mount Austin, 81100 Johor Bahru, Johor",Mount Austin,Johor Bahru,Johor,2026-07-05,"This is a placeholder description for rent listing #100. Details will be updated by the agent later.",/photos/prop-001/cover.jpg,/photos/prop-001/photo_2@17-06-2026_16-40-49.jpg,,,,,,,,
