,prop-001,"Terrace For Sale, Mount Austin",sale,residential,Terrace,489000,Mount Austin,Johor Bahru,Johor,"Jalan Mount Austin 1, Mount Austin, Johor Bahru, Johor",,5,3,1,1900,,Leasehold,Fully Furnished,available,TRUE,TRUE,"Playground, 24-hour Security, Near Schools, Surau","PLACEHOLDER — replace with real details. Terrace For Sale, Mount Austin. Contact Balqis on WhatsApp for viewing and more information.",/photos/prop-001/cover.jpg,/photos/prop-001/photo_2@17-06-2026_16-40-49.jpg,/photos/prop-001/photo_3@17-06-2026_16-40-49.jpg,/photos/prop-001/photo_4@17-06-2026_16-40-49.jpg,/photos/prop-001/photo_5@17-06-2026_16-40-49.jpg,/photos/prop-001/photo_7@17-06-2026_16-40-49.jpg,,,,,,,,,,,,,,
,prop-002,"Apartment For Rent, Tebrau",rent,residential,Apartment,2600,Tebrau,Johor Bahru,Johor,"Jalan Tebrau 2, Tebrau, Johor Bahru, Johor",,4,1,2,1600,,,Partially Furnished,available,FALSE,FALSE,"Swimming Pool, Gym, 24-hour Security, Covered Parking","PLACEHOLDER — replace with real details. Apartment For Rent, Tebrau. Contact Balqis on WhatsApp for viewing and more information.",/photos/prop-002/photo_8@17-06-2026_16-43-28.jpg,/photos/prop-002/photo_9@17-06-2026_16-43-29.jpg,/photos/prop-002/photo_10@17-06-2026_16-43-29.jpg,/photos/prop-002/photo_11@17-06-2026_16-43-29.jpg,/photos/prop-002/photo_12@17-06-2026_16-43-29.jpg,/photos/prop-002/photo_13@17-06-2026_16-43-29.jpg,/photos/prop-002/photo_14@17-06-2026_16-43-29.jpg,,,,,,,,,,,,,
,prop-003,"Room For Rent, Skudai",room-rent,residential,Room,840,Skudai,Johor Bahru,Johor,"Jalan Skudai 3, Skudai, Johor Bahru, Johor",,1,1,,,,,Fully Furnished,available,FALSE,FALSE,"WiFi, Air-Conditioning, Water & Electricity Included, Weekly Cleaning, Light Cooking Allowed","PLACEHOLDER — replace with real details. Room For Rent, Skudai. Contact Balqis on WhatsApp for viewing and more information.",/photos/prop-003/photo_15@17-06-2026_16-45-02.jpg,/photos/prop-003/photo_16@17-06-2026_16-45-02.jpg,/photos/prop-003/photo_17@17-06-2026_16-45-03.jpg,/photos/prop-003/photo_18@17-06-2026_16-45-03.jpg,/photos/prop-003/photo_19@17-06-2026_16-45-03.jpg,,,,,,,,,,,,,,,
,prop-004,"Condo For Sale, Iskandar Puteri",sale,residential,Condo,705000,Iskandar Puteri,Johor Bahru,Johor,"Jalan Iskandar Puteri 4, Iskandar Puteri, Johor Bahru, Johor",,3,2,2,2100,,Freehold,Fully Furnished,available,FALSE,FALSE,"Playground, 24-hour Security, Near Schools, Surau","PLACEHOLDER — replace with real details. Condo For Sale, Iskandar Puteri. Contact Balqis on WhatsApp for viewing and more information.",/photos/prop-004/photo_20@17-06-2026_16-46-19.jpg,/photos/prop-004/photo_21@17-06-2026_16-46-19.jpg,/photos/prop-004/photo_22@17-06-2026_16-46-19.jpg,,,,,,,,,,,,,,,,,
,prop-005,"Apartment For Rent, Bukit Indah",rent,residential,Apartment,1650,Bukit Indah,Johor Bahru,Johor,"Jalan Bukit Indah 5, Bukit Indah, Johor Bahru, Johor",,2,2,1,1700,,,Partially Furnished,available,FALSE,TRUE,"Swimming Pool, Gym, 24-hour Security, Covered Parking","PLACEHOLDER — replace with real details. Apartment For Rent, Bukit Indah. Contact Balqis on WhatsApp for viewing and more information.",/photos/prop-005/photo_23@18-06-2026_12-31-40.jpg,/photos/prop-005/photo_24@18-06-2026_12-31-40.jpg,/photos/prop-005/photo_25@18-06-2026_12-31-40.jpg,/photos/prop-005/photo_26@18-06-2026_12-31-40.jpg,/photos/prop-005/photo_27@18-06-2026_12-31-40.jpg,/photos/prop-005/photo_28@18-06-2026_12-31-40.jpg,/photos/prop-005/photo_29@18-06-2026_12-31-41.jpg,/photos/prop-005/photo_30@18-06-2026_12-31-41.jpg,/photos/prop-005/photo_31@18-06-2026_12-31-41.jpg,/photos/prop-005/photo_32@18-06-2026_12-31-41.jpg,/photos/prop-005/photo_33@18-06-2026_12-31-41.jpg,/photos/prop-005/photo_34@18-06-2026_12-31-41.jpg,/photos/prop-005/photo_35@18-06-2026_12-31-41.jpg,,,,,,,
,prop-006,"Room For Rent, Taman Molek",room-rent,residential,Room,530,Taman Molek,Johor Bahru,Johor,"Jalan Taman Molek 6, Taman Molek, Johor Bahru, Johor",,1,1,,,,,Fully Furnished,available,FALSE,FALSE,"WiFi, Air-Conditioning, Water & Electricity Included, Weekly Cleaning, Light Cooking Allowed","PLACEHOLDER — replace with real details. Room For Rent, Taman Molek. Contact Balqis on WhatsApp for viewing and more information.",/photos/prop-006/photo_36@18-06-2026_12-32-59.jpg,/photos/prop-006/photo_37@18-06-2026_12-32-59.jpg,/photos/prop-006/photo_38@18-06-2026_12-32-59.jpg,/photos/prop-006/photo_39@18-06-2026_12-32-59.jpg,,,,,,,,,,,,,,,,
,prop-007,"Apartment For Sale, Permas Jaya",sale,residential,Apartment,921000,Permas Jaya,Johor Bahru,Johor,"Jalan Permas Jaya 7, Permas Jaya, Johor Bahru, Johor",,4,3,2,2300,,Freehold,Fully Furnished,available,FALSE,FALSE,"Playground, 24-hour Security, Near Schools, Surau","PLACEHOLDER — replace with real details. Apartment For Sale, Permas Jaya. Contact Balqis on WhatsApp for viewing and more information.",/photos/prop-007/photo_40@18-06-2026_12-34-14.jpg,/photos/prop-007/photo_41@18-06-2026_12-34-14.jpg,/photos/prop-007/photo_42@18-06-2026_12-34-15.jpg,/photos/prop-007/photo_43@18-06-2026_12-34-15.jpg,/photos/prop-007/photo_44@18-06-2026_12-34-15.jpg,/photos/prop-007/photo_45@18-06-2026_12-34-15.jpg,/photos/prop-007/photo_46@18-06-2026_12-34-15.jpg,/photos/prop-007/photo_47@18-06-2026_12-34-15.jpg,/photos/prop-007/photo_48@18-06-2026_12-34-15.jpg,/photos/prop-007/photo_49@18-06-2026_12-34-15.jpg,/photos/prop-007/photo_50@18-06-2026_12-34-15.jpg,,,,,,,,,
,prop-008,"Apartment For Rent, Setia Indah",rent,residential,Apartment,1200,Setia Indah,Johor Bahru,Johor,"Jalan Setia Indah 8, Setia Indah, Johor Bahru, Johor",,4,1,2,900,,,Partially Furnished,available,FALSE,FALSE,"Swimming Pool, Gym, 24-hour Security, Covered Parking","PLACEHOLDER — replace with real details. Apartment For Rent, Setia Indah. Contact Balqis on WhatsApp for viewing and more information.",/photos/prop-008/photo_51@20-06-2026_20-33-20.jpg,/photos/prop-008/photo_52@20-06-2026_20-33-20.jpg,/photos/prop-008/photo_53@20-06-2026_20-33-20.jpg,/photos/prop-008/photo_54@20-06-2026_20-33-20.jpg,/photos/prop-008/photo_55@20-06-2026_20-33-20.jpg,/photos/prop-008/photo_56@20-06-2026_20-33-20.jpg,,,,,,,,,,,,,,
,prop-009,"Room For Rent, Taman Universiti",room-rent,residential,Room,870,Taman Universiti,Johor Bahru,Johor,"Jalan Taman Universiti 9, Taman Universiti, Johor Bahru, Johor",,1,1,,,,,Fully Furnished,available,FALSE,TRUE,"WiFi, Air-Conditioning, Water & Electricity Included, Weekly Cleaning, Light Cooking Allowed","PLACEHOLDER — replace with real details. Room For Rent, Taman Universiti. Contact Balqis on WhatsApp for viewing and more information.",/photos/prop-009/photo_57@20-06-2026_20-34-08.jpg,/photos/prop-009/photo_58@20-06-2026_20-34-08.jpg,/photos/prop-009/photo_59@20-06-2026_20-34-08.jpg,/photos/prop-009/photo_60@20-06-2026_20-34-08.jpg,,,,,,,,,,,,,,,,
,prop-010,"Semi-D For Sale, Masai",sale,residential,Semi-D,465000,Masai,Johor Bahru,Johor,"Jalan Masai 10, Masai, Johor Bahru, Johor",,5,2,1,1100,,Leasehold,Fully Furnished,available,TRUE,FALSE,"Playground, 24-hour Security, Near Schools, Surau","PLACEHOLDER — replace with real details. Semi-D For Sale, Masai. Contact Balqis on WhatsApp for viewing and more information.",/photos/prop-010/photo_61@20-06-2026_20-35-17.jpg,/photos/prop-010/photo_62@20-06-2026_20-35-17.jpg,/photos/prop-010/photo_63@20-06-2026_20-35-17.jpg,/photos/prop-010/photo_64@20-06-2026_20-35-17.jpg,/photos/prop-010/photo_65@20-06-2026_20-35-17.jpg,,,,,,,,,,,,,,,
,prop-011,"Apartment For Rent, Kempas",rent,residential,Apartment,1650,Kempas,Johor Bahru,Johor,"Jalan Kempas 11, Kempas, Johor Bahru, Johor",,4,2,2,700,,,Partially Furnished,available,FALSE,FALSE,"Swimming Pool, Gym, 24-hour Security, Covered Parking","PLACEHOLDER — replace with real details. Apartment For Rent, Kempas. Contact Balqis on WhatsApp for viewing and more information.",/photos/prop-011/photo_66@20-06-2026_20-37-12.jpg,/photos/prop-011/photo_68@20-06-2026_20-37-12.jpg,/photos/prop-011/photo_69@20-06-2026_20-37-12.jpg,/photos/prop-011/photo_70@20-06-2026_20-37-12.jpg,/photos/prop-011/photo_71@20-06-2026_20-38-14.jpg,,,,,,,,,,,,,,,
,prop-012,"Room For Rent, Ulu Tiram",room-rent,residential,Room,730,Ulu Tiram,Johor Bahru,Johor,"Jalan Ulu Tiram 12, Ulu Tiram, Johor Bahru, Johor",,1,1,,,,,Fully Furnished,available,FALSE,FALSE,"WiFi, Air-Conditioning, Water & Electricity Included, Weekly Cleaning, Light Cooking Allowed","PLACEHOLDER — replace with real details. Room For Rent, Ulu Tiram. Contact Balqis on WhatsApp for viewing and more information.",/photos/prop-012/photo_71@20-06-2026_20-38-14_thumb.jpg,/photos/prop-012/photo_72@20-06-2026_20-38-14.jpg,/photos/prop-012/photo_73@20-06-2026_20-38-14.jpg,/photos/prop-012/photo_74@20-06-2026_20-38-14.jpg,/photos/prop-012/photo_75@20-06-2026_20-38-14.jpg,/photos/prop-012/photo_76@20-06-2026_20-38-14.jpg,,,,,,,,,,,,,,
,prop-013,"Terrace For Sale, Johor Bahru City Centre",sale,residential,Terrace,819000,Johor Bahru City Centre,Johor Bahru,Johor,"Jalan Johor Bahru City Centre 1, Johor Bahru City Centre, Johor Bahru, Johor",,4,3,2,2300,,Freehold,Fully Furnished,available,FALSE,TRUE,"Playground, 24-hour Security, Near Schools, Surau","PLACEHOLDER — replace with real details. Terrace For Sale, Johor Bahru City Centre. Contact Balqis on WhatsApp for viewing and more information.",/photos/prop-013/photo_77@20-06-2026_20-39-37.jpg,/photos/prop-013/photo_78@20-06-2026_20-39-37.jpg,/photos/prop-013/photo_79@20-06-2026_20-39-37.jpg,/photos/prop-013/photo_80@20-06-2026_20-39-37.jpg,/photos/prop-013/photo_81@20-06-2026_20-39-37.jpg,/photos/prop-013/photo_82@20-06-2026_20-39-37.jpg,/photos/prop-013/photo_83@20-06-2026_20-39-37.jpg,,,,,,,,,,,,,
,prop-014,"Apartment For Rent, Larkin",rent,residential,Apartment,1600,Larkin,Johor Bahru,Johor,"Jalan Larkin 2, Larkin, Johor Bahru, Johor",,4,2,1,1000,,,Partially Furnished,available,FALSE,FALSE,"Swimming Pool, Gym, 24-hour Security, Covered Parking","PLACEHOLDER — replace with real details. Apartment For Rent, Larkin. Contact Balqis on WhatsApp for viewing and more information.",/photos/prop-014/photo_77@20-06-2026_20-39-37.jpg,/photos/prop-014/photo_78@20-06-2026_20-39-37.jpg,/photos/prop-014/photo_80@20-06-2026_20-39-37.jpg,/photos/prop-014/photo_85@20-06-2026_20-41-18.jpg,/photos/prop-014/photo_86@20-06-2026_20-41-18.jpg,/photos/prop-014/photo_87@20-06-2026_20-41-18.jpg,/photos/prop-014/photo_88@20-06-2026_20-41-18.jpg,/photos/prop-014/photo_89@20-06-2026_20-41-18.jpg,,,,,,,,,,,,
,prop-015,"Room For Rent, Taman Pelangi",room-rent,residential,Room,710,Taman Pelangi,Johor Bahru,Johor,"Jalan Taman Pelangi 3, Taman Pelangi, Johor Bahru, Johor",,1,1,,,,,Fully Furnished,available,FALSE,FALSE,"WiFi, Air-Conditioning, Water & Electricity Included, Weekly Cleaning, Light Cooking Allowed","PLACEHOLDER — replace with real details. Room For Rent, Taman Pelangi. Contact Balqis on WhatsApp for viewing and more information.",/photos/prop-015/photo_93@20-06-2026_20-42-17.jpg,/photos/prop-015/photo_94@20-06-2026_20-42-17.jpg,/photos/prop-015/photo_95@20-06-2026_20-42-17.jpg,/photos/prop-015/photo_96@20-06-2026_20-42-17.jpg,/photos/prop-015/photo_97@20-06-2026_20-42-17.jpg,/photos/prop-015/photo_98@20-06-2026_20-42-17.jpg,,,,,,,,,,,,,,
,prop-016,"Condo For Sale, Danga Bay",sale,residential,Condo,799000,Danga Bay,Johor Bahru,Johor,"Jalan Danga Bay 4, Danga Bay, Johor Bahru, Johor",,3,2,1,1200,,Leasehold,Fully Furnished,available,FALSE,FALSE,"Playground, 24-hour Security, Near Schools, Surau","PLACEHOLDER — replace with real details. Condo For Sale, Danga Bay. Contact Balqis on WhatsApp for viewing and more information.",/photos/prop-016/photo_99@20-06-2026_20-43-16.jpg,/photos/prop-016/photo_100@20-06-2026_20-43-16.jpg,/photos/prop-016/photo_101@20-06-2026_20-43-16.jpg,,,,,,,,,,,,,,,,,
,prop-017,"Apartment For Rent, Kulai",rent,residential,Apartment,2500,Kulai,Johor Bahru,Johor,"Jalan Kulai 5, Kulai, Johor Bahru, Johor",,3,2,2,800,,,Partially Furnished,available,FALSE,TRUE,"Swimming Pool, Gym, 24-hour Security, Covered Parking","PLACEHOLDER — replace with real details. Apartment For Rent, Kulai. Contact Balqis on WhatsApp for viewing and more information.",/photos/prop-017/photo_102@20-06-2026_20-44-32.jpg,,,,,,,,,,,,,,,,,,,
,prop-018,"Room For Rent, Senai",room-rent,residential,Room,850,Senai,Johor Bahru,Johor,"Jalan Senai 6, Senai, Johor Bahru, Johor",,1,1,,,,,Fully Furnished,available,FALSE,FALSE,"WiFi, Air-Conditioning, Water & Electricity Included, Weekly Cleaning, Light Cooking Allowed","PLACEHOLDER — replace with real details. Room For Rent, Senai. Contact Balqis on WhatsApp for viewing and more information.",/photos/prop-018/photo_103@20-06-2026_21-29-53.jpg,/photos/prop-018/photo_105@20-06-2026_21-29-53.jpg,/photos/prop-018/photo_114@20-06-2026_21-29-54.jpg,/photos/prop-018/photo_115@20-06-2026_21-29-54.jpg,/photos/prop-018/photo_110@20-06-2026_21-29-54.jpg,/photos/prop-018/photo_104@20-06-2026_21-29-53.jpg,/photos/prop-018/photo_106@20-06-2026_21-29-53.jpg,/photos/prop-018/photo_126@20-06-2026_21-29-55.jpg,/photos/prop-018/photo_111@20-06-2026_21-29-54.jpg,/photos/prop-018/photo_118@20-06-2026_21-29-54.jpg,/photos/prop-018/photo_124@20-06-2026_21-29-55.jpg,/photos/prop-018/photo_125@20-06-2026_21-29-55.jpg,/photos/prop-018/photo_108@20-06-2026_21-29-54.jpg,/photos/prop-018/photo_113@20-06-2026_21-29-54.jpg,/photos/prop-018/photo_107@20-06-2026_21-29-54.jpg,/photos/prop-018/photo_112@20-06-2026_21-29-54.jpg,/photos/prop-018/photo_122@20-06-2026_21-29-55.jpg,/photos/prop-018/photo_117@20-06-2026_21-29-54.jpg,/photos/prop-018/photo_129@20-06-2026_21-29-55.jpg,/photos/prop-018/photo_121@20-06-2026_21-29-54.jpg
,prop-019,"Apartment For Sale, Gelang Patah",sale,residential,Apartment,386000,Gelang Patah,Johor Bahru,Johor,"Jalan Gelang Patah 7, Gelang Patah, Johor Bahru, Johor",,5,3,1,1800,,Freehold,Fully Furnished,available,TRUE,FALSE,"Playground, 24-hour Security, Near Schools, Surau","PLACEHOLDER — replace with real details. Apartment For Sale, Gelang Patah. Contact Balqis on WhatsApp for viewing and more information.",/photos/prop-019/photo_131@21-06-2026_06-46-29.jpg,/photos/prop-019/photo_132@21-06-2026_06-46-29.jpg,/photos/prop-019/photo_133@21-06-2026_06-46-29.jpg,/photos/prop-019/photo_134@21-06-2026_06-46-29.jpg,/photos/prop-019/photo_135@21-06-2026_06-46-29.jpg,/photos/prop-019/photo_136@21-06-2026_06-46-29.jpg,/photos/prop-019/photo_137@21-06-2026_06-46-29.jpg,/photos/prop-019/photo_138@21-06-2026_06-46-29.jpg,/photos/prop-019/photo_139@21-06-2026_06-46-29.jpg,/photos/prop-019/photo_140@21-06-2026_06-46-29.jpg,/photos/prop-019/photo_141@21-06-2026_06-46-30.jpg,/photos/prop-019/photo_142@21-06-2026_06-46-30.jpg,/photos/prop-019/photo_143@21-06-2026_06-46-30.jpg,/photos/prop-019/photo_144@21-06-2026_06-46-30.jpg,,,,,,
,prop-020,"Apartment For Rent, Medini",rent,residential,Apartment,1700,Medini,Johor Bahru,Johor,"Jalan Medini 8, Medini, Johor Bahru, Johor",,2,1,2,900,,,Partially Furnished,available,FALSE,FALSE,"Swimming Pool, Gym, 24-hour Security, Covered Parking","PLACEHOLDER — replace with real details. Apartment For Rent, Medini. Contact Balqis on WhatsApp for viewing and more information.",/photos/prop-020/photo_145@21-06-2026_06-48-01.jpg,/photos/prop-020/photo_146@21-06-2026_06-48-01.jpg,/photos/prop-020/photo_147@21-06-2026_06-48-01.jpg,/photos/prop-020/photo_148@21-06-2026_06-48-01.jpg,/photos/prop-020/photo_149@21-06-2026_06-48-01.jpg,/photos/prop-020/photo_150@21-06-2026_06-48-01.jpg,/photos/prop-020/photo_151@21-06-2026_06-48-01.jpg,/photos/prop-020/photo_152@21-06-2026_06-48-01.jpg,/photos/prop-020/photo_153@21-06-2026_06-48-02.jpg,/photos/prop-020/photo_154@21-06-2026_06-48-02.jpg,/photos/prop-020/photo_155@21-06-2026_06-48-02.jpg,,,,,,,,,
,prop-021,"Room For Rent, Mount Austin",room-rent,residential,Room,540,Mount Austin,Johor Bahru,Johor,"Jalan Mount Austin 9, Mount Austin, Johor Bahru, Johor",,1,1,,,,,Fully Furnished,available,FALSE,TRUE,"WiFi, Air-Conditioning, Water & Electricity Included, Weekly Cleaning, Light Cooking Allowed","PLACEHOLDER — replace with real details. Room For Rent, Mount Austin. Contact Balqis on WhatsApp for viewing and more information.",/photos/prop-021/photo_156@21-06-2026_06-49-50.jpg,/photos/prop-021/photo_157@21-06-2026_06-49-50.jpg,/photos/prop-021/photo_158@21-06-2026_06-49-50.jpg,/photos/prop-021/photo_159@21-06-2026_06-49-50.jpg,/photos/prop-021/photo_160@21-06-2026_06-49-50.jpg,/photos/prop-021/photo_161@21-06-2026_06-49-50.jpg,/photos/prop-021/photo_162@21-06-2026_06-49-50.jpg,/photos/prop-021/photo_163@21-06-2026_06-49-50.jpg,/photos/prop-021/photo_164@21-06-2026_06-49-50.jpg,/photos/prop-021/photo_165@21-06-2026_06-49-50.jpg,/photos/prop-021/photo_166@21-06-2026_06-49-50.jpg,/photos/prop-021/photo_167@21-06-2026_06-49-50.jpg,/photos/prop-021/photo_168@21-06-2026_06-49-50.jpg,/photos/prop-021/photo_169@21-06-2026_06-49-50.jpg,,,,,,
,prop-022,"Semi-D For Sale, Tebrau",sale,residential,Semi-D,836000,Tebrau,Johor Bahru,Johor,"Jalan Tebrau 10, Tebrau, Johor Bahru, Johor",,4,2,1,1100,,Leasehold,Fully Furnished,available,FALSE,FALSE,"Playground, 24-hour Security, Near Schools, Surau","PLACEHOLDER — replace with real details. Semi-D For Sale, Tebrau. Contact Balqis on WhatsApp for viewing and more information.",/photos/prop-022/photo_170@21-06-2026_06-51-03.jpg,/photos/prop-022/photo_171@21-06-2026_06-51-03.jpg,/photos/prop-022/photo_172@21-06-2026_06-51-03.jpg,/photos/prop-022/photo_173@21-06-2026_06-51-03.jpg,/photos/prop-022/photo_174@21-06-2026_06-51-03.jpg,/photos/prop-022/photo_175@21-06-2026_06-51-03.jpg,/photos/prop-022/photo_176@21-06-2026_06-51-03.jpg,,,,,,,,,,,,,
,prop-023,"Apartment For Rent, Skudai",rent,residential,Apartment,2000,Skudai,Johor Bahru,Johor,"Jalan Skudai 11, Skudai, Johor Bahru, Johor",,3,2,1,900,,,Partially Furnished,available,FALSE,FALSE,"Swimming Pool, Gym, 24-hour Security, Covered Parking","PLACEHOLDER — replace with real details. Apartment For Rent, Skudai. Contact Balqis on WhatsApp for viewing and more information.",/photos/prop-023/photo_177@21-06-2026_06-52-16.jpg,/photos/prop-023/photo_178@21-06-2026_06-52-16.jpg,/photos/prop-023/photo_179@21-06-2026_06-52-16.jpg,/photos/prop-023/photo_180@21-06-2026_06-52-16.jpg,/photos/prop-023/photo_181@21-06-2026_06-52-16.jpg,/photos/prop-023/photo_182@21-06-2026_06-52-16.jpg,/photos/prop-023/photo_183@21-06-2026_06-52-16.jpg,/photos/prop-023/photo_184@21-06-2026_06-52-16.jpg,/photos/prop-023/photo_185@21-06-2026_06-52-16.jpg,/photos/prop-023/photo_186@21-06-2026_06-52-16.jpg,,,,,,,,,,
,prop-024,"Room For Rent, Iskandar Puteri",room-rent,residential,Room,730,Iskandar Puteri,Johor Bahru,Johor,"Jalan Iskandar Puteri 12, Iskandar Puteri, Johor Bahru, Johor",,1,1,,,,,Fully Furnished,available,FALSE,FALSE,"WiFi, Air-Conditioning, Water & Electricity Included, Weekly Cleaning, Light Cooking Allowed","PLACEHOLDER — replace with real details. Room For Rent, Iskandar Puteri. Contact Balqis on WhatsApp for viewing and more information.",/photos/prop-024/photo_187@21-06-2026_16-34-48.jpg,/photos/prop-024/photo_188@21-06-2026_16-34-48.jpg,/photos/prop-024/photo_189@21-06-2026_16-34-48.jpg,/photos/prop-024/photo_190@21-06-2026_16-34-48.jpg,/photos/prop-024/photo_191@21-06-2026_16-34-48.jpg,/photos/prop-024/photo_192@21-06-2026_16-34-48.jpg,/photos/prop-024/photo_193@21-06-2026_16-34-48.jpg,/photos/prop-024/photo_194@21-06-2026_16-34-48.jpg,/photos/prop-024/photo_195@21-06-2026_16-34-48.jpg,/photos/prop-024/photo_196@21-06-2026_16-34-48.jpg,/photos/prop-024/photo_197@21-06-2026_16-34-49.jpg,/photos/prop-024/photo_198@21-06-2026_16-34-49.jpg,/photos/prop-024/photo_199@21-06-2026_16-34-49.jpg,/photos/prop-024/photo_200@21-06-2026_16-34-49.jpg,/photos/prop-024/photo_201@21-06-2026_16-34-49.jpg,/photos/prop-024/photo_202@21-06-2026_16-34-49.jpg,/photos/prop-024/photo_203@21-06-2026_16-34-49.jpg,/photos/prop-024/photo_204@21-06-2026_16-34-49.jpg,,
,prop-025,"Terrace For Sale, Bukit Indah",sale,residential,Terrace,580000,Bukit Indah,Johor Bahru,Johor,"Jalan Bukit Indah 1, Bukit Indah, Johor Bahru, Johor",,3,3,1,1600,,Freehold,Fully Furnished,available,FALSE,TRUE,"Playground, 24-hour Security, Near Schools, Surau","PLACEHOLDER — replace with real details. Terrace For Sale, Bukit Indah. Contact Balqis on WhatsApp for viewing and more information.",/photos/prop-025/photo_205@21-06-2026_16-36-10 - Copy.jpg,/photos/prop-025/photo_206@21-06-2026_16-36-10 - Copy.jpg,/photos/prop-025/photo_207@21-06-2026_16-36-10.jpg,/photos/prop-025/photo_208@21-06-2026_16-36-10 - Copy.jpg,/photos/prop-025/photo_209@21-06-2026_16-36-10 - Copy.jpg,/photos/prop-025/photo_210@21-06-2026_16-36-10 - Copy.jpg,,,,,,,,,,,,,,
,prop-026,"Apartment For Rent, Taman Molek",rent,residential,Apartment,2550,Taman Molek,Johor Bahru,Johor,"Jalan Taman Molek 2, Taman Molek, Johor Bahru, Johor",,4,1,2,1100,,,Partially Furnished,available,FALSE,FALSE,"Swimming Pool, Gym, 24-hour Security, Covered Parking","PLACEHOLDER — replace with real details. Apartment For Rent, Taman Molek. Contact Balqis on WhatsApp for viewing and more information.",/photos/prop-026/photo_223@23-06-2026_21-01-37.jpg,/photos/prop-026/photo_224@23-06-2026_21-01-37.jpg,/photos/prop-026/photo_225@23-06-2026_21-01-37.jpg,/photos/prop-026/photo_226@23-06-2026_21-01-38.jpg,,,,,,,,,,,,,,,,
,prop-027,"Room For Rent, Permas Jaya",room-rent,residential,Room,830,Permas Jaya,Johor Bahru,Johor,"Jalan Permas Jaya 3, Permas Jaya, Johor Bahru, Johor",,1,1,,,,,Fully Furnished,available,FALSE,FALSE,"WiFi, Air-Conditioning, Water & Electricity Included, Weekly Cleaning, Light Cooking Allowed","PLACEHOLDER — replace with real details. Room For Rent, Permas Jaya. Contact Balqis on WhatsApp for viewing and more information.",/photos/prop-027/photo_227@23-06-2026_21-02-56.jpg,/photos/prop-027/photo_228@23-06-2026_21-02-56.jpg,/photos/prop-027/photo_229@23-06-2026_21-02-56.jpg,/photos/prop-027/photo_230@23-06-2026_21-02-56.jpg,,,,,,,,,,,,,,,,
,prop-028,"Condo For Sale, Setia Indah",sale,residential,Condo,797000,Setia Indah,Johor Bahru,Johor,"Jalan Setia Indah 4, Setia Indah, Johor Bahru, Johor",,4,2,2,1900,,Freehold,Fully Furnished,available,TRUE,FALSE,"Playground, 24-hour Security, Near Schools, Surau","PLACEHOLDER — replace with real details. Condo For Sale, Setia Indah. Contact Balqis on WhatsApp for viewing and more information.",/photos/prop-028/photo_231@23-06-2026_21-04-06.jpg,/photos/prop-028/photo_232@23-06-2026_21-04-06.jpg,/photos/prop-028/photo_233@23-06-2026_21-04-06.jpg,/photos/prop-028/photo_234@23-06-2026_21-04-06.jpg,,,,,,,,,,,,,,,,
,prop-029,"Apartment For Rent, Taman Universiti",rent,residential,Apartment,1900,Taman Universiti,Johor Bahru,Johor,"Jalan Taman Universiti 5, Taman Universiti, Johor Bahru, Johor",,2,2,1,1500,,,Partially Furnished,available,FALSE,TRUE,"Swimming Pool, Gym, 24-hour Security, Covered Parking","PLACEHOLDER — replace with real details. Apartment For Rent, Taman Universiti. Contact Balqis on WhatsApp for viewing and more information.",/photos/prop-029/photo_235@23-06-2026_21-05-19.jpg,/photos/prop-029/photo_236@23-06-2026_21-05-19.jpg,/photos/prop-029/photo_237@23-06-2026_21-05-19.jpg,/photos/prop-029/photo_238@23-06-2026_21-05-19.jpg,/photos/prop-029/photo_239@23-06-2026_21-05-19.jpg,,,,,,,,,,,,,,,
,prop-030,"Room For Rent, Masai",room-rent,residential,Room,770,Masai,Johor Bahru,Johor,"Jalan Masai 6, Masai, Johor Bahru, Johor",,1,1,,,,,Fully Furnished,available,FALSE,FALSE,"WiFi, Air-Conditioning, Water & Electricity Included, Weekly Cleaning, Light Cooking Allowed","PLACEHOLDER — replace with real details. Room For Rent, Masai. Contact Balqis on WhatsApp for viewing and more information.",/photos/prop-030/photo_240@29-06-2026_10-40-19.jpg,/photos/prop-030/photo_241@29-06-2026_10-40-19.jpg,/photos/prop-030/photo_242@29-06-2026_10-40-19.jpg,/photos/prop-030/photo_243@29-06-2026_10-40-19.jpg,/photos/prop-030/photo_244@29-06-2026_10-40-19.jpg,/photos/prop-030/photo_245@29-06-2026_10-40-19.jpg,/photos/prop-030/photo_246@29-06-2026_10-40-19.jpg,/photos/prop-030/photo_247@29-06-2026_10-40-19.jpg,/photos/prop-030/photo_248@29-06-2026_10-40-19.jpg,/photos/prop-030/photo_249@29-06-2026_10-40-19.jpg,/photos/prop-030/photo_250@29-06-2026_10-40-57.jpg,/photos/prop-030/photo_251@29-06-2026_10-40-57.jpg,/photos/prop-030/photo_252@29-06-2026_10-40-57.jpg,/photos/prop-030/photo_253@29-06-2026_10-40-57.jpg,/photos/prop-030/photo_254@29-06-2026_10-40-57.jpg,/photos/prop-030/photo_255@29-06-2026_10-40-57.jpg,/photos/prop-030/photo_256@29-06-2026_10-40-57.jpg,,,
,prop-031,"Apartment For Sale, Kempas",sale,residential,Apartment,866000,Kempas,Johor Bahru,Johor,"Jalan Kempas 7, Kempas, Johor Bahru, Johor",,5,2,1,1100,,Freehold,Fully Furnished,available,FALSE,FALSE,"Playground, 24-hour Security, Near Schools, Surau","PLACEHOLDER — replace with real details. Apartment For Sale, Kempas. Contact Balqis on WhatsApp for viewing and more information.",/photos/prop-031/photo_257@29-06-2026_10-41-37.jpg,/photos/prop-031/photo_258@29-06-2026_10-41-37.jpg,/photos/prop-031/photo_259@29-06-2026_10-41-37.jpg,/photos/prop-031/photo_260@29-06-2026_10-41-37.jpg,/photos/prop-031/photo_261@29-06-2026_10-41-37.jpg,/photos/prop-031/photo_262@29-06-2026_10-41-37.jpg,/photos/prop-031/photo_263@29-06-2026_10-41-37.jpg,/photos/prop-031/photo_264@29-06-2026_10-41-37.jpg,/photos/prop-031/photo_265@29-06-2026_10-41-37.jpg,/photos/prop-031/photo_266@29-06-2026_10-41-37.jpg,/photos/prop-031/photo_267@29-06-2026_10-41-37.jpg,,,,,,,,,
,prop-032,"Apartment For Rent, Ulu Tiram",rent,residential,Apartment,1450,Ulu Tiram,Johor Bahru,Johor,"Jalan Ulu Tiram 8, Ulu Tiram, Johor Bahru, Johor",,2,2,2,1000,,,Partially Furnished,available,FALSE,FALSE,"Swimming Pool, Gym, 24-hour Security, Covered Parking","PLACEHOLDER — replace with real details. Apartment For Rent, Ulu Tiram. Contact Balqis on WhatsApp for viewing and more information.",/photos/prop-032/photo_268@29-06-2026_10-42-41.jpg,/photos/prop-032/photo_269@29-06-2026_10-42-41.jpg,/photos/prop-032/photo_270@29-06-2026_10-42-41.jpg,/photos/prop-032/photo_271@29-06-2026_10-42-41.jpg,/photos/prop-032/photo_272@29-06-2026_10-42-41.jpg,/photos/prop-032/photo_273@29-06-2026_10-42-41.jpg,/photos/prop-032/photo_274@29-06-2026_10-42-41.jpg,/photos/prop-032/photo_275@29-06-2026_10-42-41.jpg,/photos/prop-032/photo_276@29-06-2026_10-42-41.jpg,/photos/prop-032/photo_277@29-06-2026_10-42-41.jpg,/photos/prop-032/photo_278@29-06-2026_10-42-41.jpg,/photos/prop-032/photo_279@29-06-2026_10-42-41.jpg,/photos/prop-032/photo_280@29-06-2026_10-42-41.jpg,/photos/prop-032/photo_281@29-06-2026_10-42-41.jpg,/photos/prop-032/photo_282@29-06-2026_10-42-41.jpg,,,,,
,prop-033,"Room For Rent, Johor Bahru City Centre",room-rent,residential,Room,670,Johor Bahru City Centre,Johor Bahru,Johor,"Jalan Johor Bahru City Centre 9, Johor Bahru City Centre, Johor Bahru, Johor",,1,1,,,,,Fully Furnished,available,FALSE,TRUE,"WiFi, Air-Conditioning, Water & Electricity Included, Weekly Cleaning, Light Cooking Allowed","PLACEHOLDER — replace with real details. Room For Rent, Johor Bahru City Centre. Contact Balqis on WhatsApp for viewing and more information.",/photos/prop-033/photo_283@29-06-2026_10-44-00.jpg,/photos/prop-033/photo_284@29-06-2026_10-44-00_thumb.jpg,/photos/prop-033/photo_284@29-06-2026_10-44-00.jpg,/photos/prop-033/photo_285@29-06-2026_10-44-00_thumb.jpg,/photos/prop-033/photo_286@29-06-2026_10-44-00_thumb.jpg,/photos/prop-033/photo_287@29-06-2026_10-44-00_thumb.jpg,/photos/prop-033/photo_288@29-06-2026_10-44-00_thumb.jpg,/photos/prop-033/photo_289@29-06-2026_10-44-00_thumb.jpg,/photos/prop-033/photo_291@29-06-2026_10-44-00_thumb.jpg,/photos/prop-033/photo_292@29-06-2026_10-44-00_thumb.jpg,/photos/prop-033/photo_293@29-06-2026_10-44-01_thumb.jpg,/photos/prop-033/photo_294@29-06-2026_10-44-01_thumb.jpg,/photos/prop-033/photo_295@29-06-2026_10-44-01_thumb.jpg,/photos/prop-033/photo_296@29-06-2026_10-44-01_thumb.jpg,/photos/prop-033/photo_297@29-06-2026_10-44-01_thumb.jpg,/photos/prop-033/photo_298@29-06-2026_10-44-01_thumb.jpg,,,,
,prop-034,"Semi-D For Sale, Larkin",sale,residential,Semi-D,650000,Larkin,Johor Bahru,Johor,"Jalan Larkin 10, Larkin, Johor Bahru, Johor",,3,3,2,2300,,Leasehold,Fully Furnished,available,FALSE,FALSE,"Playground, 24-hour Security, Near Schools, Surau","PLACEHOLDER — replace with real details. Semi-D For Sale, Larkin. Contact Balqis on WhatsApp for viewing and more information.",/photos/prop-034/photo_299@29-06-2026_10-46-27.jpg,/photos/prop-034/photo_300@29-06-2026_10-46-27.jpg,/photos/prop-034/photo_301@29-06-2026_10-46-27.jpg,/photos/prop-034/photo_302@29-06-2026_10-46-27.jpg,/photos/prop-034/photo_303@29-06-2026_10-46-27.jpg,/photos/prop-034/photo_304@29-06-2026_10-46-28.jpg,/photos/prop-034/photo_305@29-06-2026_10-46-28.jpg,/photos/prop-034/photo_306@29-06-2026_10-46-28.jpg,/photos/prop-034/photo_307@29-06-2026_10-46-28.jpg,,,,,,,,,,,
,prop-035,"Apartment For Rent, Taman Pelangi",rent,residential,Apartment,2100,Taman Pelangi,Johor Bahru,Johor,"Jalan Taman Pelangi 11, Taman Pelangi, Johor Bahru, Johor",,3,1,1,1800,,,Partially Furnished,available,FALSE,FALSE,"Swimming Pool, Gym, 24-hour Security, Covered Parking","PLACEHOLDER — replace with real details. Apartment For Rent, Taman Pelangi. Contact Balqis on WhatsApp for viewing and more information.",/photos/prop-035/photo_308@29-06-2026_10-47-35.jpg,/photos/prop-035/photo_309@29-06-2026_10-47-35.jpg,/photos/prop-035/photo_310@29-06-2026_10-47-36.jpg,/photos/prop-035/photo_311@29-06-2026_10-47-36.jpg,/photos/prop-035/photo_312@29-06-2026_10-47-36.jpg,/photos/prop-035/photo_313@29-06-2026_10-47-36.jpg,/photos/prop-035/photo_314@29-06-2026_10-47-36.jpg,/photos/prop-035/photo_315@29-06-2026_10-47-36.jpg,/photos/prop-035/photo_316@29-06-2026_10-47-36.jpg,/photos/prop-035/photo_317@29-06-2026_10-47-36.jpg,/photos/prop-035/photo_318@29-06-2026_10-47-38.jpg,/photos/prop-035/photo_319@29-06-2026_10-47-38.jpg,/photos/prop-035/photo_320@29-06-2026_10-47-38.jpg,/photos/prop-035/photo_321@29-06-2026_10-47-38.jpg,/photos/prop-035/photo_322@29-06-2026_10-47-38.jpg,/photos/prop-035/photo_323@29-06-2026_10-47-38.jpg,,,,
,prop-036,"Room For Rent, Danga Bay",room-rent,residential,Room,480,Danga Bay,Johor Bahru,Johor,"Jalan Danga Bay 12, Danga Bay, Johor Bahru, Johor",,1,1,,,,,Fully Furnished,available,FALSE,FALSE,"WiFi, Air-Conditioning, Water & Electricity Included, Weekly Cleaning, Light Cooking Allowed","PLACEHOLDER — replace with real details. Room For Rent, Danga Bay. Contact Balqis on WhatsApp for viewing and more information.",/photos/prop-036/photo_324@29-06-2026_10-50-35.jpg,/photos/prop-036/photo_325@29-06-2026_10-50-35.jpg,/photos/prop-036/photo_326@29-06-2026_10-50-35.jpg,/photos/prop-036/photo_327@29-06-2026_10-50-35.jpg,/photos/prop-036/photo_328@29-06-2026_10-50-35.jpg,/photos/prop-036/photo_329@29-06-2026_10-50-35.jpg,/photos/prop-036/photo_330@29-06-2026_10-50-36.jpg,/photos/prop-036/photo_331@29-06-2026_10-50-36.jpg,/photos/prop-036/photo_332@29-06-2026_10-50-36.jpg,/photos/prop-036/photo_333@29-06-2026_10-50-36.jpg,/photos/prop-036/photo_334@29-06-2026_10-50-36.jpg,/photos/prop-036/photo_335@29-06-2026_10-50-36.jpg,/photos/prop-036/photo_336@29-06-2026_10-50-36.jpg,/photos/prop-036/photo_337@29-06-2026_10-50-36.jpg,/photos/prop-036/photo_338@29-06-2026_10-50-36.jpg,/photos/prop-036/photo_339@29-06-2026_10-50-36.jpg,,,,
,prop-037,"Terrace For Sale, Kulai",sale,residential,Terrace,532000,Kulai,Johor Bahru,Johor,"Jalan Kulai 1, Kulai, Johor Bahru, Johor",,3,2,1,1000,,Leasehold,Fully Furnished,available,TRUE,TRUE,"Playground, 24-hour Security, Near Schools, Surau","PLACEHOLDER — replace with real details. Terrace For Sale, Kulai. Contact Balqis on WhatsApp for viewing and more information.",/photos/prop-037/photo_340@29-06-2026_15-15-33.jpg,/photos/prop-037/photo_341@29-06-2026_15-15-33.jpg,/photos/prop-037/photo_342@29-06-2026_15-15-33.jpg,,,,,,,,,,,,,,,,,
,prop-038,"Apartment For Rent, Senai",rent,residential,Apartment,2600,Senai,Johor Bahru,Johor,"Jalan Senai 2, Senai, Johor Bahru, Johor",,4,1,2,1400,,,Partially Furnished,available,FALSE,FALSE,"Swimming Pool, Gym, 24-hour Security, Covered Parking","PLACEHOLDER — replace with real details. Apartment For Rent, Senai. Contact Balqis on WhatsApp for viewing and more information.",/photos/prop-038/photo_343@30-06-2026_14-29-15.jpg,/photos/prop-038/photo_344@30-06-2026_14-29-15.jpg,/photos/prop-038/photo_345@30-06-2026_14-29-15.jpg,/photos/prop-038/photo_346@30-06-2026_14-29-15.jpg,/photos/prop-038/photo_347@30-06-2026_14-29-15.jpg,/photos/prop-038/photo_348@30-06-2026_14-29-16.jpg,/photos/prop-038/photo_349@30-06-2026_14-29-16.jpg,,,,,,,,,,,,,
,prop-039,"Room For Rent, Gelang Patah",room-rent,residential,Room,550,Gelang Patah,Johor Bahru,Johor,"Jalan Gelang Patah 3, Gelang Patah, Johor Bahru, Johor",,1,1,,,,,Fully Furnished,available,FALSE,FALSE,"WiFi, Air-Conditioning, Water & Electricity Included, Weekly Cleaning, Light Cooking Allowed","PLACEHOLDER — replace with real details. Room For Rent, Gelang Patah. Contact Balqis on WhatsApp for viewing and more information.",/photos/prop-039/photo_350@30-06-2026_19-57-52.jpg,/photos/prop-039/photo_351@30-06-2026_19-57-52.jpg,/photos/prop-039/photo_352@30-06-2026_19-57-52.jpg,/photos/prop-039/photo_353@30-06-2026_19-57-52.jpg,/photos/prop-039/photo_354@30-06-2026_19-57-52.jpg,/photos/prop-039/photo_355@30-06-2026_19-57-52.jpg,/photos/prop-039/photo_356@30-06-2026_19-57-52.jpg,/photos/prop-039/photo_357@30-06-2026_19-57-52.jpg,/photos/prop-039/photo_358@30-06-2026_19-57-52.jpg,/photos/prop-039/photo_359@30-06-2026_19-57-52.jpg,/photos/prop-039/photo_360@30-06-2026_19-57-52.jpg,/photos/prop-039/photo_361@30-06-2026_19-57-52.jpg,/photos/prop-039/photo_362@30-06-2026_19-57-53.jpg,/photos/prop-039/photo_363@30-06-2026_19-57-53.jpg,/photos/prop-039/photo_364@30-06-2026_19-57-53.jpg,/photos/prop-039/photo_365@30-06-2026_19-57-53.jpg,/photos/prop-039/photo_366@30-06-2026_19-57-53.jpg,,,
,prop-040,"Condo For Sale, Medini",sale,residential,Condo,684000,Medini,Johor Bahru,Johor,"Jalan Medini 4, Medini, Johor Bahru, Johor",,3,2,1,1400,,Freehold,Fully Furnished,available,FALSE,FALSE,"Playground, 24-hour Security, Near Schools, Surau","PLACEHOLDER — replace with real details. Condo For Sale, Medini. Contact Balqis on WhatsApp for viewing and more information.",/photos/prop-040/photo_367@30-06-2026_19-59-12.jpg,/photos/prop-040/photo_368@30-06-2026_19-59-12.jpg,/photos/prop-040/photo_369@30-06-2026_19-59-12.jpg,/photos/prop-040/photo_370@30-06-2026_19-59-12.jpg,/photos/prop-040/photo_371@30-06-2026_19-59-12.jpg,/photos/prop-040/photo_372@30-06-2026_19-59-12.jpg,/photos/prop-040/photo_373@30-06-2026_19-59-12.jpg,/photos/prop-040/photo_374@30-06-2026_19-59-12.jpg,/photos/prop-040/photo_375@30-06-2026_19-59-12.jpg,/photos/prop-040/photo_376@30-06-2026_19-59-12.jpg,,,,,,,,,,
,prop-041,"Apartment For Rent, Mount Austin",rent,residential,Apartment,1600,Mount Austin,Johor Bahru,Johor,"Jalan Mount Austin 5, Mount Austin, Johor Bahru, Johor",,4,2,2,1100,,,Partially Furnished,available,FALSE,TRUE,"Swimming Pool, Gym, 24-hour Security, Covered Parking","PLACEHOLDER — replace with real details. Apartment For Rent, Mount Austin. Contact Balqis on WhatsApp for viewing and more information.",/photos/prop-041/photo_377@30-06-2026_20-00-08.jpg,/photos/prop-041/photo_378@30-06-2026_20-00-08.jpg,/photos/prop-041/photo_379@30-06-2026_20-00-08.jpg,/photos/prop-041/photo_380@30-06-2026_20-00-08_thumb (1).jpg,/photos/prop-041/photo_380@30-06-2026_20-00-08.jpg,/photos/prop-041/photo_381@30-06-2026_20-00-09.jpg,/photos/prop-041/photo_382@30-06-2026_20-00-09.jpg,,,,,,,,,,,,,
,prop-042,"Room For Rent, Tebrau",room-rent,residential,Room,510,Tebrau,Johor Bahru,Johor,"Jalan Tebrau 6, Tebrau, Johor Bahru, Johor",,1,1,,,,,Fully Furnished,available,FALSE,FALSE,"WiFi, Air-Conditioning, Water & Electricity Included, Weekly Cleaning, Light Cooking Allowed","PLACEHOLDER — replace with real details. Room For Rent, Tebrau. Contact Balqis on WhatsApp for viewing and more information.",/photos/prop-042/photo_384@01-07-2026_15-28-06.jpg,/photos/prop-042/photo_385@01-07-2026_15-28-06.jpg,/photos/prop-042/photo_386@01-07-2026_15-28-06.jpg,/photos/prop-042/photo_387@01-07-2026_15-28-06.jpg,/photos/prop-042/photo_388@01-07-2026_15-28-06.jpg,/photos/prop-042/photo_389@01-07-2026_15-28-07.jpg,/photos/prop-042/photo_390@01-07-2026_15-28-07.jpg,/photos/prop-042/photo_391@01-07-2026_15-28-07.jpg,/photos/prop-042/photo_392@01-07-2026_15-28-07.jpg,/photos/prop-042/photo_393@01-07-2026_15-28-07.jpg,,,,,,,,,,
,prop-043,"Apartment For Sale, Skudai",sale,residential,Apartment,900000,Skudai,Johor Bahru,Johor,"Jalan Skudai 7, Skudai, Johor Bahru, Johor",,4,3,2,1600,,Freehold,Fully Furnished,available,FALSE,FALSE,"Playground, 24-hour Security, Near Schools, Surau","PLACEHOLDER — replace with real details. Apartment For Sale, Skudai. Contact Balqis on WhatsApp for viewing and more information.",/photos/prop-043/photo_394@01-07-2026_15-29-10.jpg,/photos/prop-043/photo_395@01-07-2026_15-29-10.jpg,/photos/prop-043/photo_396@01-07-2026_15-29-10.jpg,/photos/prop-043/photo_398@01-07-2026_15-29-10.jpg,,,,,,,,,,,,,,,,
,prop-044,"Apartment For Rent, Iskandar Puteri",rent,residential,Apartment,1650,Iskandar Puteri,Johor Bahru,Johor,"Jalan Iskandar Puteri 8, Iskandar Puteri, Johor Bahru, Johor",,2,1,1,800,,,Partially Furnished,available,FALSE,FALSE,"Swimming Pool, Gym, 24-hour Security, Covered Parking","PLACEHOLDER — replace with real details. Apartment For Rent, Iskandar Puteri. Contact Balqis on WhatsApp for viewing and more information.",/photos/prop-044/photo_415@03-07-2026_09-30-20.jpg,/photos/prop-044/photo_416@03-07-2026_09-30-20.jpg,/photos/prop-044/photo_417@03-07-2026_09-30-20.jpg,/photos/prop-044/photo_418@03-07-2026_09-30-20.jpg,/photos/prop-044/photo_419@03-07-2026_09-30-20.jpg,/photos/prop-044/photo_420@03-07-2026_09-30-20.jpg,/photos/prop-044/photo_421@03-07-2026_09-30-20.jpg,/photos/prop-044/photo_422@03-07-2026_09-30-20.jpg,/photos/prop-044/photo_423@03-07-2026_09-30-20.jpg,/photos/prop-044/photo_424@03-07-2026_09-30-20.jpg,/photos/prop-044/photo_425@03-07-2026_09-30-21.jpg,/photos/prop-044/photo_426@03-07-2026_09-30-21.jpg,/photos/prop-044/photo_427@03-07-2026_09-30-21.jpg,/photos/prop-044/photo_428@03-07-2026_09-30-21.jpg,/photos/prop-044/photo_429@03-07-2026_09-30-21.jpg,/photos/prop-044/photo_430@03-07-2026_09-30-21.jpg,/photos/prop-044/photo_431@03-07-2026_09-30-21.jpg,,,
,prop-045,"Room For Rent, Bukit Indah",room-rent,residential,Room,530,Bukit Indah,Johor Bahru,Johor,"Jalan Bukit Indah 9, Bukit Indah, Johor Bahru, Johor",,1,1,,,,,Fully Furnished,available,FALSE,TRUE,"WiFi, Air-Conditioning, Water & Electricity Included, Weekly Cleaning, Light Cooking Allowed","PLACEHOLDER — replace with real details. Room For Rent, Bukit Indah. Contact Balqis on WhatsApp for viewing and more information.",/photos/prop-045/photo_432@03-07-2026_09-31-08.jpg,/photos/prop-045/photo_433@03-07-2026_09-31-08.jpg,/photos/prop-045/photo_434@03-07-2026_09-31-08.jpg,/photos/prop-045/photo_435@03-07-2026_09-31-08.jpg,/photos/prop-045/photo_436@03-07-2026_09-31-08.jpg,/photos/prop-045/photo_437@03-07-2026_09-31-08.jpg,/photos/prop-045/photo_438@03-07-2026_09-31-08.jpg,,,,,,,,,,,,,
,prop-046,"Semi-D For Sale, Taman Molek",sale,residential,Semi-D,920000,Taman Molek,Johor Bahru,Johor,"Jalan Taman Molek 10, Taman Molek, Johor Bahru, Johor",,4,2,1,1300,,Leasehold,Fully Furnished,available,TRUE,FALSE,"Playground, 24-hour Security, Near Schools, Surau","PLACEHOLDER — replace with real details. Semi-D For Sale, Taman Molek. Contact Balqis on WhatsApp for viewing and more information.",/photos/prop-046/photo_439@04-07-2026_09-30-17.jpg,/photos/prop-046/photo_440@04-07-2026_09-30-17.jpg,/photos/prop-046/photo_441@04-07-2026_09-30-17.jpg,/photos/prop-046/photo_442@04-07-2026_09-30-17.jpg,/photos/prop-046/photo_443@04-07-2026_09-30-17.jpg,/photos/prop-046/photo_444@04-07-2026_09-30-17.jpg,/photos/prop-046/photo_445@04-07-2026_09-30-17.jpg,,,,,,,,,,,,,
,prop-047,"Apartment For Rent, Permas Jaya",rent,residential,Apartment,2200,Permas Jaya,Johor Bahru,Johor,"Jalan Permas Jaya 11, Permas Jaya, Johor Bahru, Johor",,3,2,2,1000,,,Partially Furnished,available,FALSE,FALSE,"Swimming Pool, Gym, 24-hour Security, Covered Parking","PLACEHOLDER — replace with real details. Apartment For Rent, Permas Jaya. Contact Balqis on WhatsApp for viewing and more information.",/photos/prop-047/photo_446@04-07-2026_09-32-18.jpg,/photos/prop-047/photo_447@04-07-2026_09-32-18.jpg,/photos/prop-047/photo_448@04-07-2026_09-32-18.jpg,/photos/prop-047/photo_449@04-07-2026_09-32-18.jpg,/photos/prop-047/photo_450@04-07-2026_09-32-18.jpg,/photos/prop-047/photo_451@04-07-2026_09-32-18.jpg,/photos/prop-047/photo_452@04-07-2026_09-32-18.jpg,/photos/prop-047/photo_453@04-07-2026_09-32-18.jpg,/photos/prop-047/photo_454@04-07-2026_09-32-18.jpg,/photos/prop-047/photo_455@04-07-2026_09-32-18.jpg,/photos/prop-047/photo_456@04-07-2026_09-32-18.jpg,/photos/prop-047/photo_457@04-07-2026_09-32-18.jpg,/photos/prop-047/photo_458@04-07-2026_09-32-18.jpg,/photos/prop-047/photo_459@04-07-2026_09-32-18.jpg,,,,,,
,prop-048,"Room For Rent, Setia Indah",room-rent,residential,Room,890,Setia Indah,Johor Bahru,Johor,"Jalan Setia Indah 12, Setia Indah, Johor Bahru, Johor",,1,1,,,,,Fully Furnished,available,FALSE,FALSE,"WiFi, Air-Conditioning, Water & Electricity Included, Weekly Cleaning, Light Cooking Allowed","PLACEHOLDER — replace with real details. Room For Rent, Setia Indah. Contact Balqis on WhatsApp for viewing and more information.",/photos/prop-048/photo_460@04-07-2026_09-33-18.jpg,/photos/prop-048/photo_461@04-07-2026_09-33-18.jpg,/photos/prop-048/photo_462@04-07-2026_09-33-18.jpg,/photos/prop-048/photo_463@04-07-2026_09-33-18.jpg,/photos/prop-048/photo_465@04-07-2026_09-33-18.jpg,/photos/prop-048/photo_466@04-07-2026_09-33-19.jpg,/photos/prop-048/photo_467@04-07-2026_09-33-19.jpg,/photos/prop-048/photo_468@04-07-2026_09-33-19.jpg,/photos/prop-048/photo_469@04-07-2026_09-33-19.jpg,/photos/prop-048/photo_470@04-07-2026_09-33-19.jpg,,,,,,,,,,
,prop-049,"Terrace For Sale, Taman Universiti",sale,residential,Terrace,762000,Taman Universiti,Johor Bahru,Johor,"Jalan Taman Universiti 1, Taman Universiti, Johor Bahru, Johor",,3,3,2,2000,,Freehold,Fully Furnished,available,FALSE,TRUE,"Playground, 24-hour Security, Near Schools, Surau","PLACEHOLDER — replace with real details. Terrace For Sale, Taman Universiti. Contact Balqis on WhatsApp for viewing and more information.",/photos/prop-049/photo_471@04-07-2026_09-35-23.jpg,/photos/prop-049/photo_472@04-07-2026_09-35-23.jpg,/photos/prop-049/photo_473@04-07-2026_09-35-23.jpg,/photos/prop-049/photo_474@04-07-2026_09-35-23.jpg,/photos/prop-049/photo_475@04-07-2026_09-35-23.jpg,/photos/prop-049/photo_476@04-07-2026_09-35-23.jpg,/photos/prop-049/photo_477@04-07-2026_09-35-23.jpg,/photos/prop-049/photo_478@04-07-2026_09-35-23.jpg,,,,,,,,,,,,
,prop-050,"Apartment For Rent, Masai",rent,residential,Apartment,1550,Masai,Johor Bahru,Johor,"Jalan Masai 2, Masai, Johor Bahru, Johor",,4,1,1,1600,,,Partially Furnished,available,FALSE,FALSE,"Swimming Pool, Gym, 24-hour Security, Covered Parking","PLACEHOLDER — replace with real details. Apartment For Rent, Masai. Contact Balqis on WhatsApp for viewing and more information.",/photos/prop-050/photo_477@04-07-2026_09-35-23.jpg,/photos/prop-050/photo_478@04-07-2026_09-35-23.jpg,/photos/prop-050/photo_479@04-07-2026_09-36-39.jpg,/photos/prop-050/photo_480@04-07-2026_09-36-39.jpg,/photos/prop-050/photo_481@04-07-2026_09-36-39.jpg,/photos/prop-050/photo_482@04-07-2026_09-36-39.jpg,/photos/prop-050/photo_483@04-07-2026_09-36-39.jpg,,,,,,,,,,,,,
,prop-051,"Room For Rent, Kempas",room-rent,residential,Room,700,Kempas,Johor Bahru,Johor,"Jalan Kempas 3, Kempas, Johor Bahru, Johor",,1,1,,,,,Fully Furnished,available,FALSE,FALSE,"WiFi, Air-Conditioning, Water & Electricity Included, Weekly Cleaning, Light Cooking Allowed","PLACEHOLDER — replace with real details. Room For Rent, Kempas. Contact Balqis on WhatsApp for viewing and more information.",/photos/prop-051/photo_486@04-07-2026_09-38-19.jpg,/photos/prop-051/photo_487@04-07-2026_09-38-19.jpg,/photos/prop-051/photo_488@04-07-2026_09-38-19.jpg,/photos/prop-051/photo_489@04-07-2026_09-38-19.jpg,/photos/prop-051/photo_490@04-07-2026_09-38-19.jpg,,,,,,,,,,,,,,,
,prop-052,"Condo For Sale, Ulu Tiram",sale,residential,Condo,778000,Ulu Tiram,Johor Bahru,Johor,"Jalan Ulu Tiram 4, Ulu Tiram, Johor Bahru, Johor",,3,2,1,1900,,Leasehold,Fully Furnished,available,FALSE,FALSE,"Playground, 24-hour Security, Near Schools, Surau","PLACEHOLDER — replace with real details. Condo For Sale, Ulu Tiram. Contact Balqis on WhatsApp for viewing and more information.",/photos/prop-052/photo_491@05-07-2026_05-22-22.jpg,/photos/prop-052/photo_492@05-07-2026_05-22-22.jpg,/photos/prop-052/photo_493@05-07-2026_05-22-22.jpg,/photos/prop-052/photo_494@05-07-2026_05-22-22.jpg,/photos/prop-052/photo_495@05-07-2026_05-22-22.jpg,/photos/prop-052/photo_496@05-07-2026_05-22-22.jpg,/photos/prop-052/photo_497@05-07-2026_05-22-22.jpg,/photos/prop-052/photo_498@05-07-2026_05-22-22.jpg,/photos/prop-052/photo_499@05-07-2026_05-22-22.jpg,,,,,,,,,,,
,prop-053,"Apartment For Rent, Johor Bahru City Centre",rent,residential,Apartment,2450,Johor Bahru City Centre,Johor Bahru,Johor,"Jalan Johor Bahru City Centre 5, Johor Bahru City Centre, Johor Bahru, Johor",,3,2,2,1400,,,Partially Furnished,available,FALSE,TRUE,"Swimming Pool, Gym, 24-hour Security, Covered Parking","PLACEHOLDER — replace with real details. Apartment For Rent, Johor Bahru City Centre. Contact Balqis on WhatsApp for viewing and more information.",/photos/prop-053/photo_506@05-07-2026_06-06-26.jpg,/photos/prop-053/photo_507@05-07-2026_06-06-26.jpg,/photos/prop-053/photo_508@05-07-2026_06-06-26.jpg,/photos/prop-053/photo_509@05-07-2026_06-06-26.jpg,/photos/prop-053/photo_510@05-07-2026_06-06-26.jpg,/photos/prop-053/photo_511@05-07-2026_06-06-26.jpg,/photos/prop-053/photo_512@05-07-2026_06-06-26.jpg,/photos/prop-053/photo_513@05-07-2026_06-06-26.jpg,/photos/prop-053/photo_514@05-07-2026_06-06-26.jpg,/photos/prop-053/photo_515@05-07-2026_06-06-26.jpg,/photos/prop-053/photo_516@05-07-2026_06-06-29.jpg,/photos/prop-053/photo_517@05-07-2026_06-06-29.jpg,/photos/prop-053/photo_518@05-07-2026_06-06-29.jpg,/photos/prop-053/photo_519@05-07-2026_06-06-29.jpg,/photos/prop-053/photo_520@05-07-2026_06-06-29.jpg,,,,,
,shoplot-001,"Double Storey Shoplot, Larkin",sale,commercial,Shophouse,1258000,Larkin,Johor Bahru,Johor,"Jalan Larkin 6, Larkin, Johor Bahru, Johor",,,,2,2040,,Leasehold,Unfurnished,available,FALSE,FALSE,"Main Road Frontage, High Traffic, Ample Parking","PLACEHOLDER — replace with real details. Double Storey Shoplot, Larkin. Contact Balqis on WhatsApp for viewing and more information.",/photos/shoplot-001/photo_500@05-07-2026_06-05-04.jpg,/photos/shoplot-001/photo_501@05-07-2026_06-05-04.jpg,/photos/shoplot-001/photo_502@05-07-2026_06-05-04.jpg,/photos/shoplot-001/photo_503@05-07-2026_06-05-04.jpg,/photos/shoplot-001/photo_504@05-07-2026_06-05-04.jpg,/photos/shoplot-001/photo_505@05-07-2026_06-05-04.jpg,,,,,,,,,,,,,,